ticker,name,land
0001.HK,CK Hutchison Holdings Limited,Hongkong
0002.HK,CLP Holdings Limited,Hongkong
0003.HK,Hong Kong and China Gas Company Limited,Hongkong
0005.HK,HSBC Holdings plc,Hongkong
0006.HK,Power Assets Holdings Limited,Hongkong
0012.HK,Henderson Land Development Company Limited,Hongkong
0016.HK,Sun Hung Kai Properties Limited,Hongkong
0027.HK,Galaxy Entertainment Group Ltd.,Hongkong
0066.HK,MTR Corporation Ltd,Hongkong
0101.HK,Hang Lung Properties Limited,Hongkong
0175.HK,Geely Auto,Hongkong
0241.HK,Alibaba Health,Hongkong
0267.HK,CITIC Limited,Hongkong
0285.HK,BYD Electronics,Hongkong
0288.HK,WH Group,Hongkong
0291.HK,China Resources Beer,Hongkong
0300.HK,Midea Group,Hongkong
0316.HK,Orient Overseas (International) Limited,Hongkong
0322.HK,Tingyi,Hongkong
0386.HK,Sinopec Corp,Hongkong
0388.HK,HKEx Limited,Hongkong
0669.HK,Techtronic Industries,Hongkong
0688.HK,China Overseas Land & Investment Limited,Hongkong
0700.HK,Tencent Holdings Limited,Hongkong
0762.HK,China Unicom,Hongkong
0823.HK,Link REIT,Hongkong
0836.HK,China Resources Power,Hongkong
0857.HK,PetroChina Company Limited,Hongkong
0868.HK,Xinyi Glass,Hongkong
0881.HK,Zhongsheng Group,Hongkong
0883.HK,CNOOC Limited,Hongkong
0939.HK,China Construction Bank,Hongkong
0941.HK,China Mobile Ltd,Hongkong
0960.HK,Longfor Properties,Hongkong
0968.HK,Xinyi Solar,Hongkong
0981.HK,Semiconductor Manufacturing International Corporation,Hongkong
0992.HK,Lenovo,Hongkong
1000.T,1000,Japan
1024.HK,Kuaishou,Hongkong
1038.HK,Cheung Kong Infrastructure Holdings Limited,Hongkong
1044.HK,Hengan International Group Co. Ltd,Hongkong
1088.HK,China Shenhua Energy,Hongkong
1093.HK,CSPC Pharmaceutical Group,Hongkong
1099.HK,Sinopharm Group,Hongkong
1109.HK,China Resources Land Limited,Hongkong
1113.HK,CK Asset Holdings,Hongkong
1177.HK,Sino Biopharm,Hongkong
1209.HK,China Resources Mixc Lifestyle,Hongkong
1211.HK,BYD Company,Hongkong
1299.HK,AIA Group Limited,Hongkong
1332.T,1332,Japan
1378.HK,China Hongqiao Group,Hongkong
1398.HK,Industrial and Commercial Bank of China,Hongkong
1605.T,1605,Japan
1721.T,1721,Japan
1801.T,1801,Japan
1802.T,1802,Japan
1803.T,1803,Japan
1808.T,1808,Japan
1810.HK,Xiaomi,Hongkong
1812.T,1812,Japan
1876.HK,Budweiser Brewing Company APAC,Hongkong
1914.T,1914,Japan
1915.T,1915,Japan
1916.T,1916,Japan
1917.T,1917,Japan
1918.T,1918,Japan
1919.T,1919,Japan
1920.T,1920,Japan
1921.T,1921,Japan
1922.T,1922,Japan
1923.T,1923,Japan
1924.T,1924,Japan
1925.T,1925,Japan
1926.T,1926,Japan
1927.T,1927,Japan
1928.HK,Sands China,Hongkong
1928.T,1928,Japan
1929.HK,Chow Tai Fook,Hongkong
1929.T,1929,Japan
1930.T,1930,Japan
1931.T,1931,Japan
1932.T,1932,Japan
1933.T,1933,Japan
1934.T,1934,Japan
1935.T,1935,Japan
1936.T,1936,Japan
1937.T,1937,Japan
1938.T,1938,Japan
1939.T,1939,Japan
1940.T,1940,Japan
1941.T,1941,Japan
1942.T,1942,Japan
1943.T,1943,Japan
1944.T,1944,Japan
1945.T,1945,Japan
1946.T,1946,Japan
1947.T,1947,Japan
1948.T,1948,Japan
1949.T,1949,Japan
1950.T,1950,Japan
1951.T,1951,Japan
1952.T,1952,Japan
1953.T,1953,Japan
1954.T,1954,Japan
1955.T,1955,Japan
1956.T,1956,Japan
1957.T,1957,Japan
1958.T,1958,Japan
1959.T,1959,Japan
1960.T,1960,Japan
1961.T,1961,Japan
1962.T,1962,Japan
1963.T,1963,Japan
1964.T,1964,Japan
1965.T,1965,Japan
1966.T,1966,Japan
1967.T,1967,Japan
1968.T,1968,Japan
1969.T,1969,Japan
1970.T,1970,Japan
1971.T,1971,Japan
1972.T,1972,Japan
1973.T,1973,Japan
1974.T,1974,Japan
1975.T,1975,Japan
1976.T,1976,Japan
1977.T,1977,Japan
1978.T,1978,Japan
1979.T,1979,Japan
1980.KS,1980,Suedkorea
1980.T,1980,Japan
1981.KS,1981,Suedkorea
1981.T,1981,Japan
1982.KS,1982,Suedkorea
1982.T,1982,Japan
1983.KS,1983,Suedkorea
1983.T,1983,Japan
1984.KS,1984,Suedkorea
1984.T,1984,Japan
1985.KS,1985,Suedkorea
1985.T,1985,Japan
1986.KS,1986,Suedkorea
1986.T,1986,Japan
1987.KS,1987,Suedkorea
1987.T,1987,Japan
1988.KS,1988,Suedkorea
1988.T,1988,Japan
1989.KS,1989,Suedkorea
1989.T,1989,Japan
1990.KS,1990,Suedkorea
1990.T,1990,Japan
1991.KS,1991,Suedkorea
1991.T,1991,Japan
1992.KS,1992,Suedkorea
1992.T,1992,Japan
1993.KS,1993,Suedkorea
1993.T,1993,Japan
1994.KS,1994,Suedkorea
1994.T,1994,Japan
1995.KS,1995,Suedkorea
1995.T,1995,Japan
1996.KS,1996,Suedkorea
1996.T,1996,Japan
1997.HK,Wharf Real Estate Investment Company Limited,Hongkong
1997.KS,1997,Suedkorea
1997.T,1997,Japan
1998.KS,1998,Suedkorea
1998.T,1998,Japan
1999.KS,1999,Suedkorea
1999.T,1999,Japan
2000.KS,2000,Suedkorea
2000.T,2000,Japan
2001.KS,2001,Suedkorea
2001.T,2001,Japan
2002.KS,2002,Suedkorea
2002.T,2002,Japan
2003.KS,2003,Suedkorea
2003.T,2003,Japan
2004.KS,2004,Suedkorea
2004.T,2004,Japan
2005.KS,2005,Suedkorea
2005.T,2005,Japan
2006.KS,2006,Suedkorea
2006.T,2006,Japan
2007.KS,2007,Suedkorea
2007.T,2007,Japan
2008.KS,2008,Suedkorea
2008.T,2008,Japan
2009.KS,2009,Suedkorea
2009.T,2009,Japan
2010.KS,2010,Suedkorea
2010.T,2010,Japan
2011.KS,2011,Suedkorea
2011.T,2011,Japan
2012.KS,2012,Suedkorea
2012.T,2012,Japan
2013.KS,2013,Suedkorea
2013.T,2013,Japan
2014.KS,2014,Suedkorea
2014.T,2014,Japan
2015.HK,Li Auto,Hongkong
2015.KS,2015,Suedkorea
2015.T,2015,Japan
2016.KS,2016,Suedkorea
2016.T,2016,Japan
2017.KS,2017,Suedkorea
2017.T,2017,Japan
2018.KS,2018,Suedkorea
2018.T,2018,Japan
2019.KS,2019,Suedkorea
2019.T,2019,Japan
2020.HK,Anta Sports,Hongkong
2020.KS,2020,Suedkorea
2020.T,2020,Japan
2021.KS,2021,Suedkorea
2021.T,2021,Japan
2022.KS,2022,Suedkorea
2022.T,2022,Japan
2023.KS,2023,Suedkorea
2023.T,2023,Japan
2024.KS,2024,Suedkorea
2024.T,2024,Japan
2025.KS,2025,Suedkorea
2025.T,2025,Japan
2026.T,2026,Japan
2057.HK,ZTO Express,Hongkong
2269.HK,WuXi Biologics,Hongkong
2269.T,2269,Japan
2282.T,2282,Japan
2313.HK,Shenzhou International,Hongkong
2318.HK,Ping An Insurance,Hongkong
2319.HK,Mengniu Dairy,Hongkong
2331.HK,Li-Ning,Hongkong
2359.HK,WuXi AppTec,Hongkong
2382.HK,Sunny Optical,Hongkong
2388.HK,BOC Hong Kong (Holdings) Ltd,Hongkong
2413.T,2413,Japan
2432.T,2432,Japan
2501.T,2501,Japan
2502.T,2502,Japan
2503.T,2503,Japan
2618.HK,JD Logistics,Hongkong
2628.HK,China Life,Hongkong
2688.HK,ENN Energy,Hongkong
2768.T,2768,Japan
2801.T,2801,Japan
2802.T,2802,Japan
2871.T,2871,Japan
2899.HK,Zijin Mining,Hongkong
2914.T,2914,Japan
3086.T,3086,Japan
3092.T,3092,Japan
3099.T,3099,Japan
3289.T,3289,Japan
3382.T,3382,Japan
3401.T,3401,Japan
3402.T,3402,Japan
3405.T,3405,Japan
3407.T,3407,Japan
3436.T,3436,Japan
360.AX,Life360,Australien
3659.T,3659,Japan
3690.HK,Meituan,Hongkong
3692.HK,Hansoh Pharmaceutical Group,Hongkong
3697.T,3697,Japan
3861.T,3861,Japan
3968.HK,China Merchants Bank,Hongkong
3988.HK,Bank of China Ltd,Hongkong
4004.T,4004,Japan
4005.T,4005,Japan
4021.T,4021,Japan
4042.T,4042,Japan
4043.T,4043,Japan
4061.T,4061,Japan
4063.T,4063,Japan
4151.T,4151,Japan
4183.T,4183,Japan
4188.T,4188,Japan
4208.T,4208,Japan
4307.T,4307,Japan
4324.T,4324,Japan
4385.T,4385,Japan
4452.T,4452,Japan
4502.T,4502,Japan
4503.T,4503,Japan
4506.T,4506,Japan
4507.T,4507,Japan
4519.T,4519,Japan
4523.T,4523,Japan
4543.T,4543,Japan
4568.T,4568,Japan
4578.T,4578,Japan
4661.T,4661,Japan
4689.T,4689,Japan
4704.T,4704,Japan
4751.T,4751,Japan
4755.T,4755,Japan
4901.T,4901,Japan
4902.T,4902,Japan
4911.T,4911,Japan
4DX.AX,4DMedical,Australien
5019.T,5019,Japan
5020.T,5020,Japan
5101.T,5101,Japan
5108.T,5108,Japan
5201.T,5201,Japan
5214.T,5214,Japan
5233.T,5233,Japan
5301.T,5301,Japan
5332.T,5332,Japan
5333.T,5333,Japan
5401.T,5401,Japan
5406.T,5406,Japan
5411.T,5411,Japan
5631.T,5631,Japan
5706.T,5706,Japan
5711.T,5711,Japan
5713.T,5713,Japan
5714.T,5714,Japan
5801.T,5801,Japan
5802.T,5802,Japan
5803.T,5803,Japan
5831.T,5831,Japan
6098.T,6098,Japan
6103.T,6103,Japan
6113.T,6113,Japan
6146.T,6146,Japan
6178.T,6178,Japan
6273.T,6273,Japan
6301.T,6301,Japan
6302.T,6302,Japan
6305.T,6305,Japan
6326.T,6326,Japan
6361.T,6361,Japan
6367.T,6367,Japan
6471.T,6471,Japan
6472.T,6472,Japan
6473.T,6473,Japan
6479.T,6479,Japan
6501.T,6501,Japan
6503.T,6503,Japan
6504.T,6504,Japan
6506.T,6506,Japan
6526.T,6526,Japan
6532.T,6532,Japan
6594.T,6594,Japan
6618.HK,JD Health,Hongkong
6645.T,6645,Japan
6690.HK,Haier,Hongkong
6701.T,6701,Japan
6702.T,6702,Japan
6723.T,6723,Japan
6724.T,6724,Japan
6752.T,6752,Japan
6753.T,6753,Japan
6758.T,6758,Japan
6762.T,6762,Japan
6770.T,6770,Japan
6841.T,6841,Japan
6857.T,6857,Japan
6861.T,6861,Japan
6862.HK,Haidilao,Hongkong
6902.T,6902,Japan
6920.T,6920,Japan
6954.T,6954,Japan
6963.T,6963,Japan
6971.T,6971,Japan
6976.T,6976,Japan
6981.T,6981,Japan
6988.T,6988,Japan
7004.T,7004,Japan
7011.T,7011,Japan
7012.T,7012,Japan
7013.T,7013,Japan
7186.T,7186,Japan
7201.T,7201,Japan
7202.T,7202,Japan
7203.T,7203,Japan
7211.T,7211,Japan
7261.T,7261,Japan
7267.T,7267,Japan
7269.T,7269,Japan
7270.T,7270,Japan
7272.T,7272,Japan
7453.T,7453,Japan
7532.T,7532,Japan
7731.T,7731,Japan
7733.T,7733,Japan
7735.T,7735,Japan
7741.T,7741,Japan
7751.T,7751,Japan
7752.T,7752,Japan
7832.T,7832,Japan
7911.T,7911,Japan
7912.T,7912,Japan
7951.T,7951,Japan
7974.T,7974,Japan
8001.T,8001,Japan
8002.T,8002,Japan
8015.T,8015,Japan
8031.T,8031,Japan
8035.T,8035,Japan
8053.T,8053,Japan
8058.T,8058,Japan
8233.T,8233,Japan
8252.T,8252,Japan
8253.T,8253,Japan
8267.T,8267,Japan
8304.T,8304,Japan
8306.T,8306,Japan
8308.T,8308,Japan
8309.T,8309,Japan
8316.T,8316,Japan
8331.T,8331,Japan
8354.T,8354,Japan
8411.T,8411,Japan
8591.T,8591,Japan
8601.T,8601,Japan
8604.T,8604,Japan
8630.T,8630,Japan
8697.T,8697,Japan
8725.T,8725,Japan
8750.T,8750,Japan
8766.T,8766,Japan
8795.T,8795,Japan
8801.T,8801,Japan
8802.T,8802,Japan
8804.T,8804,Japan
8830.T,8830,Japan
8TRA.DE,Traton,Deutschland
9001.T,9001,Japan
9005.T,9005,Japan
9007.T,9007,Japan
9008.T,9008,Japan
9009.T,9009,Japan
9020.T,9020,Japan
9021.T,9021,Japan
9022.T,9022,Japan
9064.T,9064,Japan
9101.T,9101,Japan
9104.T,9104,Japan
9107.T,9107,Japan
9147.T,9147,Japan
9201.T,9201,Japan
9202.T,9202,Japan
9432.T,9432,Japan
9433.T,9433,Japan
9434.T,9434,Japan
9501.T,9501,Japan
9502.T,9502,Japan
9503.T,9503,Japan
9531.T,9531,Japan
9532.T,9532,Japan
9602.T,9602,Japan
9618.HK,JD.com,Hongkong
9633.HK,Nongfu Spring,Hongkong
9735.T,9735,Japan
9766.T,9766,Japan
9843.T,9843,Japan
9888.HK,Baidu,Hongkong
9961.HK,Trip.com Group,Hongkong
9983.T,9983,Japan
9984.T,9984,Japan
9988.HK,Alibaba Group,Hongkong
9992.HK,Pop Mart,Hongkong
9999.HK,NetEase,Hongkong
A2M.AX,a2 Milk Company,Australien
AAF.L,Airtel Africa,Grossbritannien
AAI.AX,Alcoa,Australien
AAL.L,Anglo American plc,Grossbritannien
AAUC.TO,Allied Gold Corporation,Kanada
AAV.TO,Advantage Energy Ltd.,Kanada
ABBN.SW,ABB Ltd,Schweiz
ABDN.L,Aberdeen Group,Grossbritannien
ABEV3.SA,Ambev,Brasilien
ABF.L,Associated British Foods,Grossbritannien
ABI-BR,Anheuser-Busch InBev,Europa
ABN.AS,ABN AMRO,Niederlande
ABRA.TO,AbraSilver Resource Corp.,Kanada
ABX.TO,Barrick Gold Corporation,Kanada
AC.PA,Accor,Frankreich
AC.TO,Air Canada,Kanada
ACA.PA,Crédit Agricole,Frankreich
ACO.TO,ATCO Ltd.,Kanada
ACS.MC,ACS,Spanien
ACX.MC,Acerinox,Spanien
AD-AS,Ahold Delhaize,Europa
AD.AS,Ahold Delhaize,Niederlande
ADANIENT.NS,Adani Enterprises,Indien
ADANIPORTS.NS,Adani Ports & SEZ,Indien
ADM.L,Admiral Group,Grossbritannien
ADS-DE,Adidas,Europa
ADS.DE,Adidas,Deutschland
ADYEN-AS,Adyen,Europa
ADYEN.AS,Adyen,Niederlande
AEM.TO,Agnico Eagle Mines Limited,Kanada
AENA.MC,AENA,Spanien
AFI.AX,Australian Foundation Investment Company,Australien
AFX.DE,Carl Zeiss Meditec,Deutschland
AG.TO,First Majestic Silver Corp.,Kanada
AGI.TO,Alamos Gold Inc.,Kanada
AGL.AX,AGL Energy,Australien
AGN.AS,Aegon,Niederlande
AI-PA,Air Liquide,Europa
AI.PA,Air Liquide,Frankreich
AIA.AX,Auckland International Airport Limited,Australien
AIF.TO,Altus Group Limited,Kanada
AIR-PA,Airbus,Europa
AIR.DE,Airbus,Deutschland
AIR.PA,Airbus,Frankreich
AIXA.DE,Aixtron,Deutschland
AKRBP.OL,Aker BP,Norwegen
AKZA.AS,AkzoNobel,Niederlande
ALA.TO,AltaGas Ltd.,Kanada
ALC.SW,Alcon Inc,Schweiz
ALD.AX,Ampol,Australien
ALK.AX,Alkane Resources,Australien
ALL.AX,Aristocrat Leisure,Australien
ALPA4.SA,Alpargatas,Brasilien
ALQ.AX,ALS,Australien
ALV-DE,Allianz,Europa
ALV.DE,Allianz,Deutschland
ALW.L,Alliance Witan,Grossbritannien
ALX.AX,Atlas Arteria,Australien
AMC.AX,Amcor,Australien
AMER3.SA,Americanas,Brasilien
AMP.AX,AMP,Australien
AMRZ.SW,Amrize AG,Schweiz
AMS.MC,Amadeus IT Group,Spanien
ANA.MC,Acciona,Spanien
ANE.MC,Acciona Energía,Spanien
ANN.AX,Ansell,Australien
ANTO.L,Antofagasta plc,Grossbritannien
ANZ.AX,Australia & New Zealand Banking Group,Australien
AP.TO,Allied Properties Real Estate Investment Trust,Kanada
APA.AX,APA Group,Australien
APE.AX,Eagers Automotive,Australien
APOLLOHOSP.NS,Apollo Hospitals,Indien
AQN.TO,Algonquin Power & Utilities Corp.,Kanada
ARB.AX,ARB Corporation,Australien
ARE.TO,Aecon Group Inc.,Kanada
ARG.AX,Argo Investments,Australien
ARGX-BR,Argenx,Europa
ARIS.TO,Aris Mining Corporation,Kanada
ARX.TO,ARC Resources Ltd.,Kanada
ASAI3.SA,Sendas Distribuidora,Brasilien
ASB.AX,Austal,Australien
ASIANPAINT.NS,Asian Paints,Indien
ASK.AX,Abacus Storage King,Australien
ASM.AS,ASM International,Niederlande
ASM.TO,Avino Silver & Gold Mines Ltd.,Kanada
ASML-AS,ASML Holding,Europa
ASML.AS,ASML Holding,Niederlande
ASRNL.AS,ASR Nederland,Niederlande
ASX.AX,ASX,Australien
AT1.DE,Aroundtown,Deutschland
ATD.TO,Alimentation Couche-Tard Inc.,Kanada
ATH.TO,Athabasca Oil Corporation,Kanada
ATRL.TO,AtkinsRéalis Group Inc.,Kanada
ATS.TO,ATS Corporation,Kanada
ATZ.TO,Aritzia Inc.,Kanada
AUB.AX,AUB Group,Australien
AUTO.L,Autotrader Group,Grossbritannien
AV.L,Aviva,Grossbritannien
AXIA3.SA,Eletrobras,Brasilien
AXIA7.SA,Eletrobras,Brasilien
AXISBANK.NS,Axis Bank,Indien
AYA.TO,Aya Gold & Silver Inc.,Kanada
AZJ.AX,Aurizon,Australien
AZN.L,AstraZeneca,Grossbritannien
AZUL4.SA,Azul,Brasilien
B3SA3.SA,B3,Brasilien
BA.L,BAE Systems,Grossbritannien
BAB.L,Babcock International,Grossbritannien
BAJAJ-AUTO.NS,Bajaj Auto,Indien
BAJAJFINSV.NS,Bajaj Finserv,Indien
BAJFINANCE.NS,Bajaj Finance,Indien
BAM.TO,Brookfield Asset Management Ltd.,Kanada
BARC.L,Barclays,Grossbritannien
BAS-DE,BASF,Europa
BAS.DE,BASF,Deutschland
BATS.L,British American Tobacco,Grossbritannien
BAYN-DE,Bayer,Europa
BAYN.DE,Bayer,Deutschland
BB.TO,BlackBerry Limited,Kanada
BBAS3.SA,Banco do Brasil,Brasilien
BBD.TO,Bombardier Inc.,Kanada
BBDC3.SA,Bradesco,Brasilien
BBDC4.SA,Bradesco,Brasilien
BBOX.L,Tritax Big Box REIT,Grossbritannien
BBSE3.SA,BB Seguridade,Brasilien
BBUC.TO,Brookfield Business Corporation,Kanada
BBVA-MC,BBVA,Europa
BBVA.MC,BBVA,Spanien
BC8.DE,Bechtle,Deutschland
BCE.TO,BCE Inc.,Kanada
BDGI.TO,Badger Infrastructure Solutions Ltd.,Kanada
BDT.TO,Bird Construction Inc.,Kanada
BEEF3.SA,Minerva Foods,Brasilien
BEI.DE,Beiersdorf,Deutschland
BEI.TO,Boardwalk Real Estate Investment Trust,Kanada
BEL.NS,Bharat Electronics,Indien
BEN.AX,Bendigo & Adelaide Bank,Australien
BEP.TO,Brookfield Renewable Partners L.P.,Kanada
BESI.AS,BE Semiconductors,Niederlande
BEZ.L,Beazley,Grossbritannien
BFL.AX,BSP Financial Group,Australien
BFSA.DE,Befesa,Deutschland
BGA.AX,Bega Cheese,Australien
BGEO.L,Lion Finance Group,Grossbritannien
BGL.AX,Bellevue Gold,Australien
BHARTIARTL.NS,Bharti Airtel,Indien
BHC.TO,Bausch Health Companies Inc.,Kanada
BHP.AX,BHP,Australien
BIDI11.SA,Banco Inter,Brasilien
BIP.TO,Brookfield Infrastructure Partners L.P.,Kanada
BIR.TO,Birchcliff Energy Ltd.,Kanada
BKT.MC,Bankinter,Spanien
BLND.L,British Land,Grossbritannien
BLX.TO,Boralex Inc.,Kanada
BMO.TO,Bank of Montreal,Kanada
BMW-DE,BMW,Europa
BMW.DE,BMW,Deutschland
BN-PA,Danone,Europa
BN.PA,Danone,Frankreich
BN.TO,Brookfield Corporation,Kanada
BNP-PA,BNP Paribas,Europa
BNP.PA,BNP Paribas,Frankreich
BNR.DE,Brenntag,Deutschland
BNS.TO,Bank of Nova Scotia,Kanada
BNZL.L,Bunzl,Grossbritannien
BOQ.AX,Bank of Queensland,Australien
BOSS.DE,Hugo Boss,Deutschland
BP.L,BP,Grossbritannien
BPAC11.SA,BTG Pactual,Brasilien
BPAN4.SA,Banco Pan,Brasilien
BPT.AX,Beach Energy,Australien
BRAP4.SA,Bradespar,Brasilien
BRBY.L,Burberry Group,Grossbritannien
BRFS3.SA,BRF,Brasilien
BRG.AX,Breville Group,Australien
BRKM5.SA,Braskem,Brasilien
BRML3.SA,BRMalls,Brasilien
BSL.AX,BlueScope,Australien
BT.L,BT Group,Grossbritannien
BTE.TO,Baytex Energy Corp.,Kanada
BTO.TO,B2Gold Corp.,Kanada
BTRW.L,Barratt Redrow,Grossbritannien
BVI.PA,Bureau Veritas,Frankreich
BWLPG.OL,BW LPG,Norwegen
BWP.AX,BWP Trust,Australien
BXB.AX,Brambles,Australien
BYD.TO,Boyd Group Services Inc.,Kanada
CA.PA,Carrefour,Frankreich
CABK.MC,CaixaBank,Spanien
CAE.TO,CAE Inc.,Kanada
CAP.PA,Capgemini,Frankreich
CAR.AX,CAR Group,Australien
CAR.TO,Canadian Apartment Properties Real Estate Investment Trust,Kanada
CASH3.SA,Méliuz,Brasilien
CBA.AX,Commonwealth Bank,Australien
CBK.DE,Commerzbank,Deutschland
CCA.TO,Cogeco Communications Inc.,Kanada
CCC.L,Computacenter,Grossbritannien
CCEP.L,Coca-Cola Europacific Partners,Grossbritannien
CCH.L,Coca-Cola HBC,Grossbritannien
CCL.TO,CCL Industries Inc.,Kanada
CCO.TO,Cameco Corporation,Kanada
CCRO3.SA,CCR,Brasilien
CDA.AX,Codan,Australien
CEN.AX,Contact Energy,Australien
CEU.TO,CES Energy Solutions Corp.,Kanada
CFR.SW,Compagnie Financière Richemont SA,Schweiz
CG.TO,Centerra Gold Inc.,Kanada
CGF.AX,Challenger,Australien
CHC.AX,Charter Hall,Australien
CHP.TO,Choice Properties Real Estate Investment Trust,Kanada
CIA.AX,Champion Iron,Australien
CIEL3.SA,Cielo,Brasilien
CIGI.TO,Colliers International Group Inc.,Kanada
CIP.AX,Centuria Industrial REIT,Australien
CIPLA.NS,Cipla,Indien
CJT.TO,Cargojet Inc.,Kanada
CLNX.MC,Cellnex Telecom,Spanien
CLS.TO,Celestica Inc.,Kanada
CLW.AX,Charter Hall Long WALE REIT,Australien
CM.TO,Canadian Imperial Bank of Commerce,Kanada
CMIG4.SA,CEMIG,Brasilien
CMM.AX,Capricorn Metals,Australien
CNA.L,Centrica,Grossbritannien
CNQ.TO,Canadian Natural Resources Limited,Kanada
CNR.TO,Canadian National Railway Company,Kanada
CNU.AX,Chorus,Australien
COALINDIA.NS,Coal India,Indien
COGN3.SA,Cogna,Brasilien
COH.AX,Cochlear,Australien
COL.AX,Coles Group,Australien
COL.MC,Inmobiliaria Colonial,Spanien
CON.DE,Continental,Deutschland
CP.TO,Canadian Pacific Kansas City Limited,Kanada
CPFE3.SA,CPFL Energia,Brasilien
CPG.L,Compass Group,Grossbritannien
CPLE6.SA,Copel,Brasilien
CPU.AX,Computershare,Australien
CPX.TO,Capital Power Corporation,Kanada
CQR.AX,Charter Hall Retail REIT,Australien
CRDA.L,Croda International,Grossbritannien
CRFB3.SA,Carrefour Brasil,Brasilien
CRR.TO,Crombie Real Estate Investment Trust,Kanada
CRT.TO,CT Real Estate Investment Trust,Kanada
CS-PA,Axa,Europa
CS.PA,Axa,Frankreich
CS.TO,Capstone Copper Corp.,Kanada
CSAN3.SA,Cosan,Brasilien
CSC.AX,Capstone Copper,Australien
CSH.TO,Chartwell Retirement Residences,Kanada
CSL.AX,CSL,Australien
CSNA3.SA,CSN,Brasilien
CSU.TO,Constellation Software Inc.,Kanada
CTC.TO,Canadian Tire Corporation Limited,Kanada
CTD.AX,Corporate Travel Management,Australien
CTEC.L,Convatec,Grossbritannien
CU.TO,Canadian Utilities Limited,Kanada
CURA.TO,"Curaleaf Holdings, Inc.",Kanada
CVCB3.SA,CVC Brasil,Brasilien
CVE.TO,Cenovus Energy Inc.,Kanada
CWY.AX,Cleanaway,Australien
CYL.AX,Catalyst Metals,Australien
CYRE3.SA,Cyrela Brazil Realty,Brasilien
DB1-DE,Deutsche Börse,Europa
DB1.DE,Deutsche Börse,Deutschland
DBI.AX,Dalrymple Bay Infrastructure,Australien
DBK-DE,Deutsche Bank,Europa
DBK.DE,Deutsche Bank,Deutschland
DCC.L,DCC Energy,Grossbritannien
DFY.TO,Definity Financial Corporation,Kanada
DG-PA,Vinci SA,Europa
DG.PA,Vinci,Frankreich
DGE.L,Diageo,Grossbritannien
DHER.DE,Delivery Hero,Deutschland
DHL-DE,Deutsche Post,Europa
DHL.DE,Deutsche Post,Deutschland
DIR.TO,Dream Industrial Real Estate Investment Trust,Kanada
DML.TO,Denison Mines Corp.,Kanada
DNB.OL,DNB Bank,Norwegen
DNL.AX,Dyno Nobel,Australien
DOL.TO,Dollarama Inc.,Kanada
DOO.TO,BRP Inc.,Kanada
DOW.AX,Downer Group,Australien
DPLM.L,Diploma,Grossbritannien
DPM.TO,Dundee Precious Metals Inc.,Kanada
DRO.AX,Droneshield,Australien
DRR.AX,Deterra Royalties,Australien
DRREDDY.NS,Dr. Reddy's Laboratories,Indien
DSFIR.AS,DSM Firmenich AG,Niederlande
DSG.TO,Descartes Systems Group Inc.,Kanada
DSV.TO,Discovery Silver Corp.,Kanada
DSY.PA,Dassault Systèmes,Frankreich
DTE-DE,Deutsche Telekom,Europa
DTE.DE,Deutsche Telekom,Deutschland
DTG.DE,Daimler Truck,Deutschland
DXCO3.SA,Dexco,Brasilien
DXS.AX,Dexus,Australien
DYL.AX,Deep Yellow,Australien
EBO.AX,EBOS Group,Australien
ECOR3.SA,EcoRodovias,Brasilien
ECV.DE,Encavis,Deutschland
EDEN.PA,Edenred,Frankreich
EDR.TO,Endeavour Silver Corp.,Kanada
EDV.AX,Endeavour Group,Australien
EDV.L,Endeavour Mining,Grossbritannien
EFN.TO,Element Fleet Management Corp.,Kanada
EFR.TO,Energy Fuels Inc.,Kanada
EFX.TO,Equifax Inc.,Kanada
EGIE3.SA,ENGIE Brasil,Brasilien
EICHERMOT.NS,Eicher Motors,Indien
EIF.TO,Exchange Income Corporation,Kanada
EL-PA,EssilorLuxottica,Europa
EL.PA,EssilorLuxottica,Frankreich
ELD.TO,Eldorado Gold Corporation,Kanada
ELE.MC,Endesa,Spanien
EMA.TO,Emera Incorporated,Kanada
EMBJ3.SA,Embraer,Brasilien
EMP.TO,Empire Company Limited,Kanada
EMR.AX,Emerald Resources,Australien
EN.PA,Bouygues,Frankreich
ENB.TO,Enbridge Inc.,Kanada
ENBR3.SA,EDP - Energias do Brasil,Brasilien
ENEL-MI,Enel,Europa
ENEV3.SA,Eneva,Brasilien
ENG.MC,Enagás,Spanien
ENGI.PA,Engie,Frankreich
ENGI11.SA,Energisa,Brasilien
ENI-MI,Eni,Europa
ENR-DE,Siemens Energy,Europa
ENR.DE,Siemens Energy,Deutschland
ENT.L,Entain,Grossbritannien
EOAN.DE,E.ON,Deutschland
EOS.AX,Electro Optic Systems Holdings,Australien
EQB.TO,EQB Inc.,Kanada
EQNR.OL,Equinor,Norwegen
EQTL3.SA,Equatorial Energia,Brasilien
EQX.TO,Equinox Gold Corp.,Kanada
ERF.PA,Eurofins Scientific,Frankreich
ERO.TO,Ero Copper Corp.,Kanada
ETERNAL.NS,Eternal,Indien
EVD.DE,CTS Eventim,Deutschland
EVK.DE,Evonik,Deutschland
EVN.AX,Evolution Mining,Australien
EVT.AX,EVT,Australien
EVT.DE,Evotec,Deutschland
EXO.AS,Exor,Niederlande
EXPN.L,Experian,Grossbritannien
EZTC3.SA,Eztec,Brasilien
FBU.AX,Fletcher Building,Australien
FCIT.L,F & C Investment Trust,Grossbritannien
FCR.TO,First Capital Real Estate Investment Trust,Kanada
FDR.MC,Fluidra,Spanien
FER.MC,Ferrovial,Spanien
FFH.TO,Fairfax Financial Holdings Limited,Kanada
FLRY3.SA,Grupo Fleury,Brasilien
FLT.AX,Flight Centre Travel Group,Australien
FM.TO,First Quantum Minerals Ltd.,Kanada
FME.DE,Fresenius Medical Care,Deutschland
FMG.AX,Fortescue,Australien
FNTN.DE,Freenet,Deutschland
FNV.TO,Franco-Nevada Corporation,Kanada
FPE3.DE,Fuchs Petrolub,Deutschland
FPH.AX,Fisher & Paykel Healthcare,Australien
FRA.DE,Fraport,Deutschland
FRE.DE,Fresenius,Deutschland
FRES.L,Fresnillo plc,Grossbritannien
FRO.OL,Frontline,Norwegen
FRU.TO,Freehold Royalties Ltd.,Kanada
FRW.AX,Freightways Group,Australien
FSV.TO,FirstService Corporation,Kanada
FTS.TO,Fortis Inc.,Kanada
FTT.TO,Finning International Inc.,Kanada
FVI.TO,Fortuna Mining Corp.,Kanada
G1A.DE,GEA Group,Deutschland
G24.DE,Scout24,Deutschland
GAW.L,Games Workshop,Grossbritannien
GBF.DE,Bilfinger,Deutschland
GDG.AX,Generation Development Group,Australien
GEBN.SW,Geberit AG,Schweiz
GEI.TO,Gibson Energy Inc.,Kanada
GFL.TO,GFL Environmental Inc.,Kanada
GGBR4.SA,Gerdau,Brasilien
GGP.AX,Greatland Resources,Australien
GIB.TO,CGI Inc.,Kanada
GIL.TO,Gildan Activewear Inc.,Kanada
GIVN.SW,Givaudan SA,Schweiz
GJF.OL,Gjensidige Forsikring,Norwegen
GLE.PA,Société Générale,Frankreich
GLEN.L,Glencore,Grossbritannien
GMD.AX,Genesis Minerals,Australien
GMG.AX,Goodman Group,Australien
GMIN.TO,G Mining Ventures Corp.,Kanada
GNE.AX,Genesis Energy,Australien
GOAU4.SA,Metalúrgica Gerdau,Brasilien
GOGL.OL,Golden Ocean Group,Norwegen
GOLL4.SA,Gol,Brasilien
GPT.AX,GPT Group,Australien
GQG.AX,GQG Partners,Australien
GRASIM.NS,Grasim Industries,Indien
GRF.MC,Grifols,Spanien
GRT.TO,Granite Real Estate Investment Trust,Kanada
GSK.L,GSK plc,Grossbritannien
GSY.TO,goeasy Ltd.,Kanada
GWO.TO,Great-West Lifeco Inc.,Kanada
GXI.DE,Gerresheimer,Deutschland
H.TO,Hydro One Limited,Kanada
HAFNI.OL,Hafnia Limited,Norwegen
HAG.DE,Hensoldt,Deutschland
HAPV3.SA,Grupo Hapvida,Brasilien
HAUTO.OL,Höegh Autoliners ASA,Norwegen
HBM.TO,Hudbay Minerals Inc.,Kanada
HCLTECH.NS,HCLTech,Indien
HDFCBANK.NS,HDFC Bank,Indien
HDFCLIFE.NS,HDFC Life,Indien
HDN.AX,HomeCo Daily Needs REIT,Australien
HEI.DE,Heidelberg Materials,Deutschland
HEIA.AS,Heineken,Niederlande
HEN3.DE,Henkel,Deutschland
HFG.DE,HelloFresh,Deutschland
HINDALCO.NS,Hindalco Industries,Indien
HINDUNILVR.NS,Hindustan Unilever,Indien
HLE.DE,Hella,Deutschland
HLMA.L,Halma plc,Grossbritannien
HLN.L,Haleon,Grossbritannien
HNR1.DE,Hannover Re,Deutschland
HO.PA,Thales,Frankreich
HOLN.SW,Holcim Limited,Schweiz
HOT.DE,Hochtief,Deutschland
HR.TO,H&R Real Estate Investment Trust,Kanada
HSBA.L,HSBC,Grossbritannien
HSX.L,Hiscox,Grossbritannien
HUB.AX,HUB24,Australien
HVN.AX,Harvey Norman,Australien
HWDN.L,Howdens Joinery,Grossbritannien
HWX.TO,Headwater Exploration Inc.,Kanada
HYPE3.SA,Hypera Pharma,Brasilien
IAG.AX,Insurance Australia Group,Australien
IAG.L,International Airlines Group,Grossbritannien
IAG.MC,International Airlines Group,Spanien
IAG.TO,iA Financial Corporation Inc.,Kanada
IAU.TO,I-80 Gold Corp.,Kanada
IBE-MC,Iberdrola,Europa
IBE.MC,Iberdrola,Spanien
ICG.L,ICG,Grossbritannien
ICICIBANK.NS,ICICI Bank,Indien
IDR.MC,Indra,Spanien
IFC.TO,Intact Financial Corporation,Kanada
IFL.AX,Insignia Financial,Australien
IFT.AX,Infratil,Australien
IFX-DE,Infineon Technologies,Europa
IFX.DE,Infineon Technologies,Deutschland
IGG.L,IG Group,Grossbritannien
IGM.TO,IGM Financial Inc.,Kanada
IGO.AX,IGO,Australien
IGTI11.SA,Iguatemi,Brasilien
IHG.L,IHG Hotels & Resorts,Grossbritannien
III.L,3i,Grossbritannien
IIP.TO,InterRent Real Estate Investment Trust,Kanada
ILU.AX,Iluka Resources,Australien
IMB.L,Imperial Brands,Grossbritannien
IMCD.AS,IMCD,Niederlande
IMD.AX,IMDEX,Australien
IMG.TO,Iamgold Corporation,Kanada
IMI.L,IMI,Grossbritannien
IMO.TO,Imperial Oil Limited,Kanada
INDIGO.NS,IndiGo,Indien
INF.L,Informa,Grossbritannien
INFY.NS,Infosys,Indien
INGA-AS,ING Group,Europa
INGA.AS,ING Group,Niederlande
INVP.L,Investec,Grossbritannien
IPCO.TO,International Petroleum Corporation,Kanada
IRBR3.SA,IRB Brasil RE,Brasilien
ISP-MI,Intesa Sanpaolo,Europa
ITC.NS,ITC,Indien
ITRK.L,Intertek,Grossbritannien
ITSA4.SA,Itaúsa,Brasilien
ITUB4.SA,Itaú Unibanco,Brasilien
ITX-MC,Inditex,Europa
ITX.MC,Inditex,Spanien
IVN.TO,Ivanhoe Mines Ltd.,Kanada
JBH.AX,JB Hi-Fi,Australien
JBSS3.SA,JBS,Brasilien
JD.L,JD Sports,Grossbritannien
JEN.DE,Jenoptik,Deutschland
JHSF3.SA,JHSF Participações,Brasilien
JHX.AX,James Hardie,Australien
JIOFIN.NS,Jio Financial Services,Indien
JSWSTEEL.NS,JSW Steel,Indien
JUN3.DE,Jungheinrich,Deutschland
JWEL.TO,Jamieson Wellness Inc.,Kanada
K.TO,Kinross Gold Corporation,Kanada
KBX.DE,Knorr-Bremse,Deutschland
KEL.TO,Kelt Exploration Ltd.,Kanada
KER.PA,Kering,Frankreich
KEY.TO,Keyera Corp.,Kanada
KGF.L,Kingfisher plc,Grossbritannien
KGX.DE,KION Group,Deutschland
KLBN11.SA,Klabin,Brasilien
KMP.TO,Killam Apartment Real Estate Investment Trust,Kanada
KNIN.SW,Kuehne + Nagel,Schweiz
KNT.TO,K92 Mining Inc.,Kanada
KOG.OL,Kongsberg Gruppen,Norwegen
KOTAKBANK.NS,Kotak Mahindra Bank,Indien
KPN.AS,KPN,Niederlande
KRN.DE,Krones,Deutschland
KXS.TO,Kinaxis Inc.,Kanada
L.TO,Loblaw Companies Limited,Kanada
L1G.AX,L1 Group,Australien
LAC.TO,Lithium Americas Corp.,Kanada
LAND.L,Land Securities,Grossbritannien
LB.TO,Laurentian Bank of Canada,Kanada
LCAM3.SA,Unidas,Brasilien
LEG.DE,LEG Immobilien,Deutschland
LGEN.L,Legal & General,Grossbritannien
LHA.DE,Lufthansa,Deutschland
LIF.TO,Labrador Iron Ore Royalty Corporation,Kanada
LLC.AX,Lendlease,Australien
LLOY.L,Lloyds Banking Group,Grossbritannien
LMP.L,LondonMetric Property,Grossbritannien
LNR.TO,Linamar Corporation,Kanada
LNW.AX,Light & Wonder,Australien
LOG.MC,Logista,Spanien
LOGN.SW,Logitech International SA,Schweiz
LONN.SW,Lonza Group AG,Schweiz
LOV.AX,Lovisa,Australien
LR.PA,Legrand,Frankreich
LREN3.SA,Lojas Renner,Brasilien
LSEG.L,London Stock Exchange Group,Grossbritannien
LSF.AX,L1 Long Short Fund,Australien
LSPD.TO,Lightspeed Commerce Inc.,Kanada
LT.NS,Larsen & Toubro,Indien
LTR.AX,Liontown Resources,Australien
LUG.TO,Lundin Gold Inc.,Kanada
LUN.TO,Lundin Mining Corporation,Kanada
LWSA3.SA,LocaWeb,Brasilien
LXS.DE,Lanxess,Deutschland
LYC.AX,Lynas Rare Earths,Australien
MAP.MC,Mapfre,Spanien
MARUTI.NS,Maruti Suzuki,Indien
MAU.TO,Montage Gold Corp.,Kanada
MAXHEALTH.NS,Max Healthcare,Indien
MBG-DE,Mercedes-Benz Group,Europa
MBG.DE,Mercedes-Benz Group,Deutschland
MC-PA,LVMH Moët Hennessy Louis Vuitton,Europa
MC.PA,LVMH,Frankreich
MCY.AX,Mercury NZ,Australien
MDA.TO,MDA Space Ltd.,Kanada
MEZ.AX,Meridian Energy,Australien
MFC.TO,Manulife Financial Corporation,Kanada
MFF.AX,MFF Capital Investments,Australien
MFG.AX,Magellan Financial Group,Australien
MFI.TO,Maple Leaf Foods Inc.,Kanada
MG.TO,Magna International Inc.,Kanada
MGLU3.SA,Magazine Luiza,Brasilien
MGR.AX,Mirvac,Australien
MIN.AX,Mineral Resources,Australien
MKS.L,Marks & Spencer,Grossbritannien
ML.PA,Michelin,Frankreich
MM.NS,Mahindra & Mahindra,Indien
MND.AX,Monadelphous Group,Australien
MNG.L,M&G,Grossbritannien
MOWI.OL,Mowi,Norwegen
MPCC.OL,MPC Container Ships,Norwegen
MPL.AX,Medibank,Australien
MQG.AX,Macquarie Group,Australien
MRFG3.SA,Marfrig,Brasilien
MRK.DE,Merck,Deutschland
MRL.MC,Merlin Properties,Spanien
MRO.L,Melrose Industries,Grossbritannien
MRU.TO,Metro Inc.,Kanada
MRVE3.SA,MRV,Brasilien
MSB.AX,Mesoblast,Australien
MT.AS,ArcelorMittal,Niederlande
MT.PA,ArcelorMittal,Frankreich
MTL.TO,Mullen Group Ltd.,Kanada
MTLN.L,Metlen Energy & Metals,Grossbritannien
MTS.AX,Metcash,Australien
MTS.MC,ArcelorMittal,Spanien
MTX.DE,MTU Aero Engines,Deutschland
MULT3.SA,Multiplan,Brasilien
MUV2-DE,Munich Re,Europa
MUV2.DE,Munich Re,Deutschland
MX.TO,Methanex Corporation,Kanada
MXT.AX,Metrics Master Income Trust,Australien
NAB.AX,National Australia Bank,Australien
NAS.OL,Norwegian Air Shuttle,Norwegen
NDA-FI-HE,Nordea,Europa
NDA.DE,Aurubis,Deutschland
NDX1.DE,Nordex,Deutschland
NEM.AX,Newmont,Australien
NEM.DE,Nemetschek,Deutschland
NESN.SW,Nestlé SA,Schweiz
NESTLEIND.NS,Nestlé India,Indien
NFI.TO,NFI Group Inc.,Kanada
NG.L,National Grid plc,Grossbritannien
NG.TO,NovaGold Resources Inc.,Kanada
NGEX.TO,NGEx Minerals Ltd.,Kanada
NHC.AX,New Hope,Australien
NHF.AX,Nib,Australien
NHY.OL,Norsk Hydro,Norwegen
NIC.AX,Nickel Industries,Australien
NN.AS,NN Group,Niederlande
NOD.OL,Nordic Semiconductor,Norwegen
NOVN.SW,Novartis International AG,Schweiz
NPI.TO,Northland Power Inc.,Kanada
NSR.AX,National Storage,Australien
NST.AX,Northern Star Resources,Australien
NTCO3.SA,Natura & Co,Brasilien
NTGY.MC,Naturgy,Spanien
NTPC.NS,NTPC,Indien
NTR.TO,Nutrien Ltd.,Kanada
NWC.TO,North West Company Inc.,Kanada
NWG.L,NatWest Group,Grossbritannien
NWH.AX,NRW Holdings,Australien
NWL.AX,Netwealth Group,Australien
NWS.AX,News Corp Class B,Australien
NXE.TO,NexGen Energy Ltd.,Kanada
NXG.AX,Nexgen Energy,Australien
NXT.AX,NextDC,Australien
NXT.L,Next plc,Grossbritannien
OBM.AX,Ora Banda Mining,Australien
OGC.TO,OceanaGold Corporation,Kanada
OLA.TO,Orla Mining Ltd.,Kanada
ONEX.TO,Onex Corporation,Kanada
ONGC.NS,Oil and Natural Gas Corporation,Indien
OR-PA,L'Oréal,Europa
OR.PA,L'Oréal,Frankreich
OR.TO,Osisko Gold Royalties Ltd.,Kanada
ORA.AX,Orora,Australien
ORA.PA,Orange,Frankreich
ORG.AX,Origin Energy,Australien
ORI.AX,Orica,Australien
ORK.OL,Orkla,Norwegen
OTEX.TO,Open Text Corporation,Kanada
PAAS.TO,Pan American Silver Corp.,Kanada
PAH3.DE,Porsche SE,Deutschland
PBH.TO,Premium Brands Holdings Corporation,Kanada
PCAR3.SA,GPA,Brasilien
PCT.L,Polar Capital Technology Trust,Grossbritannien
PDI.AX,Predictive Discovery,Australien
PDN.AX,Paladin Energy,Australien
PET.TO,Pet Valu Holdings Ltd.,Kanada
PETR3.SA,Petrobras,Brasilien
PETR4.SA,Petrobras,Brasilien
PETZ3.SA,Petz,Brasilien
PEY.TO,Peyto Exploration & Development Corp.,Kanada
PGHN.SW,Partners Group Holding AG,Schweiz
PHIA.AS,Philips,Niederlande
PLS.AX,PLS Group,Australien
PME.AX,Pro Medicus,Australien
PMV.AX,Premier Investments,Australien
PMZ.TO,Primaris Real Estate Investment Trust,Kanada
PNI.AX,Pinnacle Investment Management,Australien
POU.TO,Paramount Resources Ltd.,Kanada
POW.TO,Power Corporation of Canada,Kanada
POWERGRID.NS,Power Grid,Indien
PPL.TO,Pembina Pipeline Corporation,Kanada
PPT.AX,Perpetual,Australien
PPTA.TO,Perpetua Resources Corp.,Kanada
PRIO3.SA,PetroRio,Brasilien
PRN.AX,Perenti,Australien
PRU.AX,Perseus Mining,Australien
PRU.L,Prudential plc,Grossbritannien
PRX-AS,Prosus,Europa
PRX.AS,Prosus,Niederlande
PSH.L,Pershing Square Holdings,Grossbritannien
PSK.TO,PrairieSky Royalty Ltd.,Kanada
PSN.L,Persimmon,Grossbritannien
PSON.L,Pearson plc,Grossbritannien
PUB.PA,Publicis,Frankreich
PUIG.MC,Puig,Spanien
PUM.DE,Puma,Deutschland
PXA.AX,Pexa Group,Australien
PXT.TO,Parex Resources Inc.,Kanada
QAN.AX,Qantas,Australien
QBE.AX,QBE Insurance,Australien
QBR.TO,Quebecor Inc.,Kanada
QIA.DE,Qiagen,Deutschland
QSR.TO,Restaurant Brands International Inc.,Kanada
QUAL3.SA,Qualicorp,Brasilien
QUB.AX,Qube Holdings,Australien
RAA.DE,Rational,Deutschland
RACE-MI,Ferrari,Europa
RADL3.SA,RaiaDrogasil,Brasilien
RAIL3.SA,Rumo,Brasilien
RAND.AS,Randstad,Niederlande
RBA.TO,"RB Global, Inc.",Kanada
RCH.TO,Richelieu Hardware Ltd.,Kanada
RCI.TO,Rogers Communications Inc.,Kanada
RDC.DE,Redcare Pharmacy,Deutschland
RDOR3.SA,Rede D'Or São Luiz,Brasilien
RDX.AX,Redox,Australien
REA.AX,REA Group,Australien
RED.MC,Redeia Corporación,Spanien
REG.AX,Regis Healthcare,Australien
REH.AX,Reece Group,Australien
REI.TO,RioCan Real Estate Investment Trust,Kanada
REL.L,RELX,Grossbritannien
RELIANCE.NS,Reliance Industries,Indien
REN.AS,RELX,Niederlande
RENT3.SA,Localiza,Brasilien
REP.MC,Repsol,Spanien
RGN.AX,Region Group,Australien
RHC.AX,Ramsay Health Care,Australien
RHM-DE,Rheinmetall,Europa
RHM.DE,Rheinmetall,Deutschland
RI.PA,Pernod Ricard,Frankreich
RIO.AX,Rio Tinto,Australien
RIO.L,Rio Tinto,Grossbritannien
RKT.L,Reckitt,Grossbritannien
RMD.AX,ResMed,Australien
RMS-PA,Hermès,Europa
RMS.AX,Ramelius Resources,Australien
RMS.PA,Hermès,Frankreich
RNO.PA,Renault,Frankreich
ROP.SW,Roche Holding AG,Schweiz
ROVI.MC,Laboratorios Rovi,Spanien
RR.L,Rolls-Royce Holdings,Grossbritannien
RRL.AX,Regis Resources,Australien
RRTL.DE,RTL Group,Deutschland
RSG.AX,Resolute Mining,Australien
RTO.L,Rentokil Initial,Grossbritannien
RUS.TO,Russel Metals Inc.,Kanada
RWC.AX,Reliance Worldwide Corporation,Australien
RWE.DE,RWE,Deutschland
RY.TO,Royal Bank of Canada,Kanada
RYM.AX,Ryman Healthcare,Australien
S32.AX,South32,Australien
SAB.MC,Banco Sabadell,Spanien
SAF-PA,Safran,Europa
SAF.PA,Safran,Frankreich
SALM.OL,SalMar,Norwegen
SAN-MC,Banco Santander,Europa
SAN-PA,Sanofi,Europa
SAN.MC,Santander,Spanien
SAN.PA,Sanofi,Frankreich
SANB11.SA,Santander Brasil,Brasilien
SAP-DE,SAP,Europa
SAP.DE,SAP,Deutschland
SAP.TO,Saputo Inc.,Kanada
SAX.DE,Ströer,Deutschland
SBILIFE.NS,SBI Life Insurance Company,Indien
SBIN.NS,State Bank of India,Indien
SBRY.L,Sainsbury's,Grossbritannien
SBSP3.SA,Sabesp,Brasilien
SCG.AX,Scentre Group,Australien
SCMN.SW,Swisscom AG,Schweiz
SCR.TO,Strathcona Resources Ltd.,Kanada
SCYR.MC,Sacyr,Spanien
SDF.AX,Steadfast Group,Australien
SDF.DE,K+S,Deutschland
SDLF.L,Standard Life,Grossbritannien
SDR.L,Schroders,Grossbritannien
SEA.TO,Seabridge Gold Inc.,Kanada
SEK.AX,Seek,Australien
SES.TO,Secure Energy Services Inc.,Kanada
SFR.AX,Sandfire Resources,Australien
SGE.L,Sage Group,Grossbritannien
SGH.AX,SGH,Australien
SGM.AX,Sims Metal,Australien
SGO-PA,Saint-Gobain,Europa
SGO.PA,Saint-Gobain,Frankreich
SGP.AX,Stockland,Australien
SGRO.L,Segro,Grossbritannien
SHEL.L,Shell plc,Grossbritannien
SHELL.AS,Shell plc,Niederlande
SHL.AX,Sonic Healthcare,Australien
SHL.DE,Siemens Healthineers,Deutschland
SHOP.TO,Shopify Inc.,Kanada
SHRIRAMFIN.NS,Shriram Finance,Indien
SIA.TO,Sienna Senior Living Inc.,Kanada
SIE-DE,Siemens,Europa
SIE.DE,Siemens,Deutschland
SIG.AX,Sigma Healthcare,Australien
SII.TO,Sprott Inc.,Kanada
SIKA.SW,Sika AG,Schweiz
SJ.TO,Stella-Jones Inc.,Kanada
SKE.TO,Skeena Resources Limited,Kanada
SLF.TO,Sun Life Financial Inc.,Kanada
SLHN.SW,Swiss Life Holding AG,Schweiz
SLR.MC,Solaria,Spanien
SMIN.L,Smiths Group,Grossbritannien
SMR.AX,Stanmore Resources,Australien
SMT.L,Scottish Mortgage Investment Trust,Grossbritannien
SN.L,Smith & Nephew,Grossbritannien
SNZ.AX,Summerset Group Holdings,Australien
SOBO.TO,South Bow Corporation,Kanada
SOL.AX,Soul Patts,Australien
SOMA3.SA,Grupo Soma,Brasilien
SPB.TO,Superior Plus Corp.,Kanada
SPK.AX,Spark New Zealand,Australien
SPX.L,Spirax Group,Grossbritannien
SREN.SW,Swiss Reinsurance Company Ltd,Schweiz
SRU.TO,SmartCentres Real Estate Investment Trust,Kanada
SSE.L,SSE plc,Grossbritannien
SSRM.TO,SSR Mining Inc.,Kanada
STAN.L,Standard Chartered,Grossbritannien
STB.OL,Storebrand,Norwegen
STJ.L,St. James's Place,Grossbritannien
STLAP.PA,Stellantis,Frankreich
STM.DE,Stabilus,Deutschland
STMPA.PA,STMicroelectronics,Frankreich
STN.TO,Stantec Inc.,Kanada
STO.AX,Santos,Australien
SU-PA,Schneider Electric,Europa
SU.PA,Schneider Electric,Frankreich
SU.TO,Suncor Energy Inc.,Kanada
SUBC.OL,Subsea 7,Norwegen
SUL.AX,Super Retail Group,Australien
SULA11.SA,SulAmérica Seguros,Brasilien
SUN.AX,Suncorp,Australien
SUNPHARMA.NS,Sun Pharma,Indien
SUZB3.SA,Suzano Papel e Celulose,Brasilien
SVM.TO,Silvercorp Metals Inc.,Kanada
SVT.L,Severn Trent,Grossbritannien
SY1.DE,Symrise,Deutschland
T.TO,Telus Corporation,Kanada
TA.TO,TransAlta Corporation,Kanada
TAEE11.SA,Taesa S.A.,Brasilien
TAH.AX,Tabcorp,Australien
TATACONSUM.NS,Tata Consumer Products,Indien
TATASTEEL.NS,Tata Steel,Indien
TCL.AX,Transurban,Australien
TCL.TO,Transcontinental Inc.,Kanada
TCS.NS,Tata Consultancy Services,Indien
TD.TO,Toronto-Dominion Bank,Kanada
TECHM.NS,Tech Mahindra,Indien
TECK.TO,Teck Resources Limited,Kanada
TEF.MC,Telefónica,Spanien
TEG.DE,TAG Tegernsee Immobilien und Beteiligung,Deutschland
TEL.OL,Telenor,Norwegen
TEP.PA,Teleperformance,Frankreich
TFII.TO,TFI International Inc.,Kanada
TFPM.TO,Triple Flag Precious Metals Corp.,Kanada
TGS.OL,TGS ASA,Norwegen
TIH.TO,Toromont Industries Ltd.,Kanada
TIMS3.SA,TIM Brasil,Brasilien
TITAN.NS,Titan Company,Indien
TKA.DE,ThyssenKrupp,Deutschland
TKO.TO,Taseko Mines Limited,Kanada
TLC.AX,The Lottery Corporation,Australien
TLS.AX,Telstra,Australien
TLX.AX,Telix Pharmaceuticals,Australien
TLX.DE,Talanx,Deutschland
TMPV.NS,Tata Motors Passenger Vehicles,Indien
TMV.DE,TeamViewer,Deutschland
TNE.AX,TechnologyOne,Australien
TOM.OL,Tomra Systems,Norwegen
TOTS3.SA,TOTVS,Brasilien
TOU.TO,Tourmaline Oil Corp.,Kanada
TPG.AX,TPG Telecom,Australien
TPZ.TO,Topaz Energy Corp.,Kanada
TRENT.NS,Trent,Indien
TRI.TO,Thomson Reuters Corporation,Kanada
TRP.TO,TC Energy Corporation,Kanada
TSCO.L,Tesco,Grossbritannien
TSU.TO,Trisura Group Ltd.,Kanada
TTE-PA,TotalEnergies,Europa
TTE.PA,TotalEnergies,Frankreich
TUA.AX,Tuas,Australien
TUI1.DE,TUI,Deutschland
TVE.TO,Tamarack Valley Energy Ltd.,Kanada
TVK.TO,TerraVest Industries Inc.,Kanada
TWE.AX,Treasury Wine Estates,Australien
TXG.TO,Torex Gold Resources Inc.,Kanada
UBSG.SW,UBS Group AG,Schweiz
UCG-MI,UniCredit,Europa
UGPA3.SA,Ultrapar,Brasilien
ULTRACEMCO.NS,UltraTech Cement,Indien
ULVR.L,Unilever,Grossbritannien
UMG.AS,Universal Music Group,Niederlande
UNA.AS,Unilever,Niederlande
UNI.MC,Unicaja,Spanien
URW.PA,Unibail-Rodamco-Westfield,Frankreich
USA.TO,Americas Gold And Silver Corporation,Kanada
USIM5.SA,Usiminas,Brasilien
UTDI.DE,United Internet,Deutschland
UU.L,United Utilities,Grossbritannien
VALE3.SA,Vale,Brasilien
VAR.OL,Vår Energi ASA,Norwegen
VAU.AX,Vault Minerals,Australien
VBBR3.SA,Petrobras Distribuidora,Brasilien
VCX.AX,Vicinity Centres,Australien
VEA.AX,Viva Energy,Australien
VET.TO,Vermilion Energy Inc.,Kanada
VGN.AX,Virgin Australia Holdings,Australien
VIE.PA,Veolia,Frankreich
VIIA3.SA,Via,Brasilien
VITL.TO,Vital Infrastructure Property Trust.,Kanada
VIVT3.SA,Telefônica Brasil,Brasilien
VNA.DE,Vonovia,Deutschland
VNP.TO,5N Plus Inc.,Kanada
VNT.AX,Ventia Services Group,Australien
VOD.L,Vodafone Group,Grossbritannien
VOW-DE,Volkswagen Group,Europa
VOW3.DE,Volkswagen Group,Deutschland
VZLA.TO,Vizsla Silver Corp.,Kanada
WAF.AX,West African Resources,Australien
WAF.DE,Siltronic,Deutschland
WAM.AX,WAM Capital,Australien
WAWI.OL,Wallenius Wilhelmsen,Norwegen
WBC.AX,Westpac,Australien
WCH.DE,Wacker Chemie,Deutschland
WCN.TO,Waste Connections Inc.,Kanada
WCP.TO,Whitecap Resources Inc.,Kanada
WDO.TO,Wesdome Gold Mines Ltd.,Kanada
WDS.AX,Woodside Energy Group,Australien
WEGE3.SA,WEG,Brasilien
WEIR.L,Weir,Grossbritannien
WES.AX,Wesfarmers,Australien
WFG.TO,West Fraser Timber Co. Ltd.,Kanada
WGX.AX,Westgold Resources,Australien
WHC.AX,Whitehaven Coal,Australien
WIPRO.NS,Wipro,Indien
WKL-AS,Wolters Kluwer,Europa
WKL.AS,Wolters Kluwer,Niederlande
WLE.AX,WAM Leaders,Australien
WN.TO,George Weston Limited,Kanada
WOR.AX,Worley,Australien
WOW.AX,Woolworths Group,Australien
WPK.TO,Winpak Ltd.,Kanada
WPM.TO,Wheaton Precious Metals Corp.,Kanada
WSP.TO,WSP Global Inc.,Kanada
WTB.L,Whitbread,Grossbritannien
WTC.AX,Wisetech Global,Australien
X.TO,TMX Group Limited,Kanada
XRO.AX,Xero,Australien
XYX.AX,"Block, Inc.",Australien
YAL.AX,Yancoal Australia,Australien
YAR.OL,Yara International,Norwegen
YDUQ3.SA,YDUQS,Brasilien
ZAL.DE,Zalando,Deutschland
ZIM.AX,Zimplats Holdings,Australien
ZIP.AX,Zip,Australien
ZURN.SW,Zurich Insurance Group AG,Schweiz
