ticker,quelle,jahre,roic,umsatz_cagr,eps_cagr,ek_cagr,fcf_cagr
HAPV3.SA,Yahoo,4.0,1.9,10.0,,-0.7,40.1
GSY.TO,Yahoo,4.0,12.9,18.5,,-0.7,
TTD,SEC,10.0,13.8,29.4,,35.2,42.5
0881.HK,Yahoo,4.0,7.5,-3.0,,-0.1,9.4
TUA.AX,Yahoo,4.0,-1.3,38.1,,-0.6,
DRO.AX,Yahoo,4.0,-4.0,134.4,,160.7,
LAC.TO,Yahoo,4.0,-2.3,,,,
CSGP,SEC,11.0,2.2,39.5,,18.4,-0.6
MGLU3.SA,Yahoo,4.0,1.5,1.2,,1.9,84.3
WTC.AX,Yahoo,4.0,13.1,26.5,7.6,27.9,9.1
HFG.DE,Yahoo,4.0,2.5,-3.9,,-11.2,
COIN,SEC,5.0,5.7,-2.2,-25.6,23.4,-31.0
FISV,SEC,11.0,9.9,40.7,7.8,25.5,5.8
BRKM5.SA,Yahoo,4.0,1.0,-9.8,,,
PODD,SEC,11.0,-0.9,59.1,55.3,46.2,
CSNA3.SA,Yahoo,4.0,6.1,0.3,,-12.9,
CSAN3.SA,Yahoo,4.0,5.5,0.9,,-36.4,-5.7
360.AX,Yahoo,4.0,-9.4,28.9,,30.9,
APP,SEC,5.0,19.6,18.4,222.6,-0.0,82.2
1810.HK,Yahoo,4.0,9.1,17.8,149.9,22.8,
4506.T,Yahoo,4.0,-16.2,-6.6,-25.2,-10.4,-42.0
STLAP.PA,Yahoo,4.0,4.1,-5.1,,-9.4,
STLAM.MI,Yahoo,4.0,4.1,-5.1,,-9.4,
1024.HK,Yahoo,4.0,5.8,14.9,,25.9,
0241.HK,Yahoo,4.0,6.1,8.6,,5.6,70.0
BEEF3.SA,Yahoo,4.0,10.1,21.0,-11.2,37.2,15.4
COH.AX,Yahoo,4.0,15.1,6.6,-21.0,-0.2,1.3
2015.HK,Yahoo,4.0,5.1,35.4,,17.4,
MRVE3.SA,Yahoo,4.0,1.0,18.0,,-2.9,
COGN3.SA,Yahoo,4.0,5.5,11.9,,3.4,
AMER3.SA,Yahoo,4.0,99.4,-21.9,,,
ORCL,SEC,11.0,156.0,7.9,10.9,-1.1,
PXA.AX,Yahoo,4.0,0.5,12.5,,-3.3,-12.6
9992.HK,Yahoo,4.0,14.9,42.7,55.9,16.1,115.2
MNST,SEC,11.0,21.7,36.8,,5.5,27.0
TMPV.NS,Yahoo,4.0,10.3,-0.9,-54.1,35.2,
XRO.AX,Yahoo,4.0,7.6,20.6,,65.9,56.1
8267.T,Yahoo,4.0,4.8,5.5,47.6,7.1,37.5
BSX,SEC,11.0,9.8,10.7,,12.1,26.3
EVT.DE,Yahoo,4.0,-6.3,1.6,,-11.8,
LTR.AX,Yahoo,4.0,-3.1,,,7.5,
6976.T,Yahoo,4.0,3.4,3.6,-61.7,2.6,13.8
BLDR,SEC,11.0,40.7,35.5,,40.1,
INTU,SEC,11.0,4.8,18.2,75.3,23.8,16.2
ARB.AX,Yahoo,4.0,13.6,1.5,0.9,6.9,11.6
FCT.MI,Yahoo,4.0,4.1,6.7,,19.4,
EBO.AX,Yahoo,4.0,9.3,7.2,-2.8,8.1,1.8
DYL.AX,Yahoo,4.0,-2.9,-44.4,,131.0,
CVCB3.SA,Yahoo,4.0,7.4,6.8,,14.8,
YDUQ3.SA,Yahoo,4.0,10.1,6.5,,-0.0,59.4
ASB.AX,Yahoo,4.0,4.3,8.5,2.1,1.9,
GDG.AX,Yahoo,4.0,31.7,,126.7,130.3,37.5
ECOR3.SA,Yahoo,4.0,10.8,23.9,53.3,21.2,
NEM.DE,Yahoo,4.0,18.6,14.1,10.3,12.5,26.0
PET.TO,Yahoo,4.0,35.3,7.3,-0.2,539.4,21.8
EL.PA,Yahoo,4.0,5.4,5.2,1.0,1.3,5.5
CIA.AX,Yahoo,4.0,13.4,8.3,-5.6,6.7,
PSKY,Yahoo,4.0,-3.1,0.7,,-20.2,-6.5
USIM5.SA,Yahoo,4.0,3.6,-6.8,,-3.5,
AVIO.MI,Yahoo,4.0,1.5,16.3,,33.4,55.2
NKE,SEC,11.0,,2.5,-0.3,1.9,1.1
SEK.AX,Yahoo,4.0,6.1,-0.6,12.8,14.3,-8.8
USA.TO,Yahoo,4.0,-35.9,11.5,,39.7,
4DX.AX,Yahoo,4.0,-34.9,76.3,,2.6,
BYD.TO,Yahoo,4.0,6.4,8.9,-24.6,32.1,8.0
5706.T,Yahoo,4.0,11.3,5.2,120.4,17.6,63.2
1177.HK,Yahoo,4.0,13.3,6.9,2.2,1.0,18.5
0960.HK,Yahoo,4.0,5.8,-27.0,-66.7,4.6,31.3
TRENT.NS,Yahoo,4.0,28.1,34.8,57.0,39.1,114.7
0285.HK,Yahoo,4.0,9.6,18.7,23.9,10.3,104.6
CHTR,SEC,11.0,28.3,38.2,59.0,59.5,29.5
9501.T,Yahoo,4.0,0.7,-7.9,457.8,3.1,
LULU,SEC,11.0,25.0,41.3,31.6,17.1,19.5
ROL,SEC,11.0,32.8,15.6,21.9,10.1,23.0
EFR.TO,Yahoo,4.0,-9.0,74.0,,41.3,
APTV,SEC,11.0,6.2,5.1,-0.6,15.1,8.1
PME.AX,Yahoo,4.0,41.8,28.0,63.5,48.1,28.4
VZLA.TO,Yahoo,4.0,-3.4,,,36.4,
3697.T,Yahoo,4.0,20.7,26.0,21.8,17.0,28.9
6618.HK,Yahoo,4.0,4.8,16.3,,10.3,40.3
NG.TO,Yahoo,4.0,-20.2,,,76.3,
0968.HK,Yahoo,4.0,8.2,4.8,-37.4,3.9,
LLC.AX,Yahoo,4.0,-1.9,-19.6,,-10.0,
TYL,SEC,11.0,7.1,38.2,41.1,15.7,27.4
9961.HK,Yahoo,4.0,8.6,46.0,181.4,15.0,85.1
ATS.TO,Yahoo,4.0,5.2,4.9,-19.1,16.4,98.5
FICO,SEC,11.0,17.2,9.0,37.5,,28.2
TSCO,SEC,11.0,39.2,10.9,-3.7,6.4,14.4
ARE,SEC,11.0,,,,14.6,15.2
PMV.AX,Yahoo,3.0,15.5,3.3,-5.3,3.5,4.4
GXI.DE,Yahoo,4.0,3.4,8.5,,-4.5,
2313.HK,Yahoo,4.0,13.4,3.7,8.5,6.8,-3.0
LXS.DE,Yahoo,4.0,-3.1,-11.2,,-7.5,
LOV.AX,Yahoo,4.0,74.4,23.4,13.0,11.7,26.4
PNR,SEC,11.0,,5.0,,34.1,2.1
1378.HK,Yahoo,4.0,15.2,7.2,11.7,16.2,
TRI.TO,Yahoo,4.0,11.9,4.1,3.7,0.1,15.2
PRX.AS,Yahoo,4.0,12.8,25.2,-3.3,6.4,
AAI.AX,Yahoo,4.0,4.5,1.0,,6.4,18.4
KGX.DE,Yahoo,4.0,7.1,0.5,32.6,2.8,
CYRE3.SA,Yahoo,4.0,12.2,20.3,28.5,12.8,
UMG.AS,Yahoo,4.0,27.5,6.5,24.5,24.6,-2.2
SNZ.AX,Yahoo,4.0,6.2,15.0,-2.5,14.9,1.2
ZIM.AX,Yahoo,4.0,9.9,-12.7,-51.3,-1.2,
IVN.TO,Yahoo,4.0,4.9,,-16.8,26.2,
EVD.DE,Yahoo,4.0,35.5,16.9,10.9,13.9,-33.6
RHM.DE,Yahoo,4.0,17.8,15.7,11.5,21.1,
AG.TO,Yahoo,4.0,-0.3,26.4,,25.1,
AGI.TO,Yahoo,4.0,9.7,30.1,185.8,17.8,
6526.T,Yahoo,4.0,13.8,1.4,3.6,6.6,
ENT.L,Yahoo,4.0,-3.0,7.0,,-34.3,-20.6
ON,SEC,11.0,8.8,0.3,8.4,16.9,21.7
QUAL3.SA,Yahoo,4.0,8.4,-9.9,-51.7,-1.4,0.5
FIS,SEC,11.0,-0.1,-14.5,-10.4,4.1,14.7
MOS,SEC,11.0,7.2,3.9,-4.8,2.4,
CIGI.TO,Yahoo,4.0,10.3,7.6,24.4,46.3,
CSL.AX,Yahoo,4.0,4.6,6.0,,-2.1,34.9
NFLX,SEC,11.0,18.7,37.9,38.1,28.2,
7974.T,Yahoo,4.0,15.0,13.0,-0.6,9.2,-4.4
GBF.DE,Yahoo,4.0,11.9,8.0,87.8,7.0,43.5
LEN,SEC,11.0,15.0,29.5,29.6,14.5,
III.L,Yahoo,4.0,,4.8,4.4,22.4,11.2
ACN,SEC,11.0,8.5,7.7,6.9,17.7,11.4
HOOD,SEC,5.0,,25.3,,3.0,
9888.HK,Yahoo,4.0,5.0,1.4,-16.0,6.0,
2413.T,Yahoo,4.0,14.5,15.0,0.2,10.5,-4.4
EQX.TO,Yahoo,4.0,3.4,24.0,,35.1,
AT1.DE,Yahoo,4.0,-0.7,-1.1,,-5.9,1.1
PCAR3.SA,Yahoo,4.0,-0.2,3.3,,-43.2,
ALB,SEC,11.0,5.5,33.2,,21.5,6.1
CPRT,SEC,11.0,12.6,-19.8,13.7,48.4,28.5
OTEX.TO,Yahoo,4.0,7.1,5.4,66.4,-0.1,7.2
VNP.TO,Yahoo,4.0,8.3,14.0,,20.8,91.0
5214.T,Yahoo,4.0,2.7,-1.4,8.1,-2.1,18.1
8830.T,Yahoo,4.0,3.9,4.0,10.2,11.1,
TOTS3.SA,Yahoo,4.0,12.3,15.0,22.6,5.8,8.8
GDDY,SEC,11.0,5.5,32.4,,-7.3,19.8
2331.HK,Yahoo,4.0,12.6,4.7,-9.7,4.3,19.6
ASM.TO,Yahoo,4.0,6.0,27.8,78.3,,-34.5
TPG.AX,Yahoo,4.0,0.7,-2.4,-3.6,-10.0,81.7
CYL.AX,Yahoo,3.0,1.6,123.7,124.0,87.1,
0762.HK,Yahoo,4.0,5.2,3.4,7.3,2.5,-7.1
T.TO,Yahoo,4.0,5.0,3.6,-14.5,-1.6,26.4
RDC.DE,Yahoo,4.0,-4.4,34.7,,9.0,
BMW.DE,Yahoo,4.0,8.7,-2.2,-24.2,3.2,
NOW,SEC,11.0,-6.7,26.2,,36.8,35.0
1801.T,Yahoo,4.0,9.3,8.3,62.0,4.6,71.0
9988.HK,Yahoo,4.0,8.3,5.6,17.0,2.3,
STN.TO,Yahoo,4.0,10.7,12.8,23.7,17.6,51.1
ECHO,SEC,11.0,-20.4,61.2,,4.5,
FRES.L,Yahoo,4.0,12.7,23.3,72.0,7.9,
TIMS3.SA,Yahoo,4.0,14.4,7.3,37.4,-1.9,26.2
GLW,SEC,11.0,8.0,26.4,26.8,-4.5,3.8
RENT3.SA,Yahoo,4.0,9.1,32.9,-6.0,7.5,
1812.T,Yahoo,4.0,10.0,8.6,22.2,10.4,
STM.DE,Yahoo,4.0,8.8,5.1,-39.4,-3.1,10.2
AUTO.L,Yahoo,4.0,46.1,7.7,4.8,-8.3,3.9
4704.T,Yahoo,4.0,22.1,7.2,7.0,-17.0,5.2
NWL.AX,Yahoo,4.0,52.2,21.6,27.8,9.6,-14.4
HVN.AX,Yahoo,4.0,12.5,-0.2,-13.9,4.1,0.6
BPT.AX,Yahoo,4.0,1.9,5.9,-11.2,-5.5,
RADL3.SA,Yahoo,4.0,17.7,15.0,9.8,11.1,
2382.HK,Yahoo,4.0,9.7,9.2,-18.4,10.1,-9.6
0700.HK,Yahoo,4.0,14.4,10.7,7.7,17.0,25.9
2688.HK,Yahoo,4.0,13.2,0.6,-8.0,7.0,1.6
ORA.AX,Yahoo,4.0,9.7,-20.1,54.4,58.2,-13.8
EZTC3.SA,Yahoo,4.0,6.2,10.2,17.6,4.0,
1928.HK,Yahoo,4.0,13.2,66.8,,,
JUN3.DE,Yahoo,4.0,11.0,4.9,2.7,6.2,
4568.T,Yahoo,4.0,10.8,18.4,35.1,4.8,
QCOM,SEC,11.0,2.2,23.3,22.3,-14.6,9.8
BR,SEC,11.0,12.1,24.2,21.2,10.5,9.5
6862.HK,Yahoo,4.0,35.2,11.7,44.2,10.4,-9.6
YAL.AX,Yahoo,4.0,21.1,-18.3,-50.2,4.0,-56.1
TPL,SEC,6.0,38.5,60.8,-33.1,24.6,22.0
INW.MI,Yahoo,4.0,5.1,8.1,8.7,-8.1,6.2
ISRG,SEC,11.0,11.9,38.2,4.7,15.2,14.7
9984.T,Yahoo,4.0,6.0,5.9,,25.0,
4519.T,Yahoo,4.0,23.0,-0.0,5.0,12.5,16.8
TMV.DE,Yahoo,4.0,25.1,9.7,26.6,12.7,5.1
VRSK,SEC,11.0,16.6,3.6,8.0,-13.8,10.0
6981.T,Yahoo,4.0,8.5,2.8,-0.3,4.8,29.3
CSU.TO,Yahoo,4.0,10.9,20.6,-0.0,27.8,28.5
STMPA.PA,Yahoo,4.0,12.5,-9.9,-66.4,12.0,
STMMI.MI,Yahoo,4.0,12.5,-9.9,-66.4,12.0,
BBAS3.SA,Yahoo,4.0,,6.1,-23.8,5.6,37.8
SNPS,SEC,11.0,9.3,13.2,38.5,24.6,11.8
HDFCLIFE.NS,Yahoo,4.0,7.8,9.3,11.4,11.0,48.7
CURA.TO,Yahoo,4.0,-0.1,-0.2,,-16.1,
7013.T,Yahoo,4.0,8.1,6.7,19.2,14.8,
KLAC,SEC,11.0,,40.5,7.8,24.9,17.9
5801.T,Yahoo,4.0,8.8,7.0,65.9,11.4,
SBSP3.SA,Yahoo,4.0,13.4,20.0,40.7,15.8,
WSP.TO,Yahoo,4.0,7.7,15.3,27.2,17.9,47.8
SGP.AX,Yahoo,4.0,4.1,8.5,30.8,1.7,40.9
PGHN.SW,Yahoo,4.0,29.1,10.7,7.2,-3.3,15.3
LVS,SEC,11.0,9.2,0.7,-0.2,-13.5,-5.8
6920.T,Yahoo,4.0,38.9,40.7,19.0,42.4,
REG.AX,Yahoo,4.0,14.3,80.2,,,55.5
SMCI,SEC,11.0,13.6,72.7,20.4,37.1,
REA.AX,Yahoo,4.0,30.1,13.0,15.8,9.0,21.1
WDC,SEC,11.0,5.7,19.9,,-2.3,9.6
AIXA.DE,Yahoo,4.0,11.7,6.3,-5.1,11.1,189.1
VST,SEC,7.0,2.2,7.3,28.2,-7.2,-8.3
5802.T,Yahoo,4.0,9.4,8.5,101.7,13.0,36.0
CIEN,SEC,11.0,9.4,6.4,23.9,16.0,12.8
FSV.TO,Yahoo,4.0,9.9,13.6,5.2,14.9,124.1
8801.T,Yahoo,4.0,4.7,6.1,13.4,4.1,
IT,SEC,11.0,19.0,7.3,16.7,,14.1
OGC.TO,Yahoo,4.0,13.5,25.1,70.8,10.7,83.9
CTSH,SEC,11.0,10.7,3.9,20.8,4.9,3.3
RSG.AX,Yahoo,4.0,13.1,10.0,,10.3,61.0
1803.T,Yahoo,4.0,2.8,2.1,41.2,4.7,
PPTA.TO,Yahoo,4.0,-15.1,,,115.7,
TRMB,SEC,11.0,6.0,2.1,34.6,10.1,4.1
BB.TO,Yahoo,4.0,-2.0,1.4,,-4.5,
1965.T,Yahoo,4.0,12.3,17.4,74.5,15.2,
HEI.DE,Yahoo,4.0,9.3,0.6,8.9,3.2,19.3
APE.AX,Yahoo,4.0,19.6,15.2,-9.9,15.5,25.0
EOS.AX,Yahoo,4.0,-9.7,-2.3,,1.1,
NRG,SEC,11.0,,20.7,,,40.3
ITC.NS,Yahoo,4.0,28.2,3.6,2.2,1.6,0.3
G24.DE,Yahoo,4.0,12.5,13.2,27.9,3.1,25.9
AFX.DE,Yahoo,4.0,11.2,5.4,-21.2,1.7,7.9
PTC,SEC,11.0,6.3,13.9,31.0,16.1,19.1
3659.T,Yahoo,4.0,12.0,10.3,0.1,7.2,0.5
RTO.L,Yahoo,4.0,5.3,15.4,10.0,3.5,12.3
AZO,SEC,11.0,,27.0,27.5,,3.3
LII,SEC,11.0,354.1,5.1,32.2,27.6,9.4
EFX,SEC,11.0,4.8,32.8,19.1,7.1,8.1
8802.T,Yahoo,4.0,4.8,8.2,13.1,7.6,
REL.L,Yahoo,4.0,23.5,3.9,9.8,-14.4,5.6
PDN.AX,Yahoo,4.0,1.2,704.7,,41.6,
ADYEN.AS,Yahoo,4.0,20.6,-33.3,22.8,29.8,-22.2
JBH.AX,Yahoo,4.0,33.0,4.7,-2.2,4.9,-1.6
LREN3.SA,Yahoo,4.0,11.5,6.1,6.1,1.2,66.9
UHS,SEC,11.0,10.2,30.1,29.5,5.5,2.8
TSLA,SEC,11.0,-0.9,64.1,,54.1,
1802.T,Yahoo,4.0,9.2,9.2,32.0,8.1,-1.2
WIPRO.NS,Yahoo,4.0,14.8,0.8,6.7,4.3,4.9
4751.T,Yahoo,4.0,15.6,7.1,9.2,8.0,
TOM.OL,Yahoo,4.0,11.4,4.4,-2.2,-1.3,16.0
AMAT,SEC,11.0,27.5,43.3,40.9,10.4,19.6
IFX.DE,Yahoo,4.0,9.6,1.0,-22.8,4.5,-12.4
3690.HK,Yahoo,4.0,2.5,18.4,,5.5,
MRVL,SEC,5.0,-0.1,16.4,,-2.3,21.1
WGX.AX,Yahoo,3.0,-0.9,5.2,,8.5,
CEG,SEC,4.0,8.6,4.3,,9.6,
IGG.L,Yahoo,4.0,15.6,-1.1,-3.6,-3.1,-11.2
SNDK,Yahoo,4.0,16.5,49.3,,19.2,
NCLH,SEC,11.0,-150.9,20.1,18.4,-1.6,
PAAS.TO,Yahoo,4.0,2.5,34.3,,47.2,
INFY.NS,Yahoo,4.0,29.7,3.4,4.1,2.2,13.8
RBA.TO,Yahoo,4.0,9.1,38.3,-10.7,67.4,15.5
RMS.PA,Yahoo,4.0,28.1,11.3,10.3,14.8,4.7
NXPI,SEC,7.0,9.9,5.5,45.2,1.1,4.6
2020.HK,Yahoo,4.0,22.3,14.3,20.3,24.1,20.6
FSLR,SEC,11.0,4.2,12.8,10.2,5.6,
PAH3.DE,Yahoo,4.0,-4.0,-20.4,-21.6,-10.2,-4.0
6506.T,Yahoo,4.0,11.5,-0.8,-11.8,11.6,
CHRW,SEC,11.0,13.7,21.6,18.6,4.8,2.6
ERIE,SEC,11.0,22.4,32.2,,11.5,-0.5
OR.TO,Yahoo,4.0,4.9,20.0,,3.7,
A2M.AX,Yahoo,4.0,15.8,7.4,-9.7,-2.2,-16.1
7201.T,Yahoo,4.0,0.8,4.3,,-2.2,
5332.T,Yahoo,4.0,7.5,1.7,1.9,5.2,
CNA.L,Yahoo,4.0,24.7,-6.4,,44.8,-46.9
SUZB3.SA,Yahoo,4.0,11.8,0.2,-14.9,9.8,-6.4
RMD.AX,Yahoo,4.0,17.8,12.9,19.6,21.1,103.8
CLS.TO,Yahoo,4.0,16.0,19.6,82.4,9.7,65.0
MC.PA,Yahoo,4.0,20.5,0.7,-8.0,7.0,3.7
RMS.AX,Yahoo,3.0,8.5,20.9,,35.8,394.7
NST.AX,Yahoo,4.0,8.9,22.7,32.0,22.7,17.5
IBM,SEC,11.0,,-1.9,-1.8,8.6,-4.7
RI.PA,Yahoo,4.0,8.5,0.8,-5.7,-1.6,-14.4
DSG.TO,Yahoo,4.0,9.7,14.5,16.6,13.8,11.8
TMUS,SEC,11.0,4.8,33.9,39.8,13.6,38.6
ADBE,SEC,11.0,22.4,33.7,43.9,5.2,22.6
6479.T,Yahoo,4.0,8.2,8.8,14.0,12.6,
SII.TO,Yahoo,4.0,13.5,20.3,57.3,9.8,43.6
IDXX,SEC,11.0,37.6,34.2,39.2,,16.5
MSB.AX,Yahoo,4.0,-7.3,152.1,,4.2,
5803.T,Yahoo,4.0,16.5,13.6,56.6,27.5,30.0
PLS.AX,Yahoo,4.0,22.6,-29.1,-41.1,6.4,-30.7
ULTA,SEC,11.0,30.1,28.7,31.3,6.9,17.1
AAUC.TO,Yahoo,4.0,18.4,25.8,,108.0,137.3
4755.T,Yahoo,4.0,-0.8,9.1,,7.8,
BEI.DE,Yahoo,4.0,11.1,3.8,13.0,3.4,8.9
VOW3.DE,Yahoo,4.0,5.3,4.9,-23.5,4.4,
TA.TO,Yahoo,4.0,9.3,-6.9,,8.0,
EL,SEC,11.0,11.4,22.7,7.2,7.4,2.5
MRO.L,Yahoo,4.0,2.2,6.7,,-26.5,-2.4
HII,SEC,11.0,7.2,28.2,30.7,13.0,2.2
VIVT3.SA,Yahoo,4.0,6.8,7.4,16.1,0.2,7.6
DSY.PA,Yahoo,4.0,10.4,3.2,8.7,6.3,1.8
EXPN.L,Yahoo,4.0,14.7,8.5,0.0,12.2,11.6
LDOS,SEC,11.0,17.2,7.7,41.3,17.3,12.9
REN.AS,Yahoo,4.0,23.5,3.9,9.8,-14.4,5.6
INTC,SEC,11.0,8.2,-4.1,,6.5,
MDA.TO,Yahoo,4.0,5.8,36.6,58.7,10.6,
BESI.AS,Yahoo,4.0,18.8,-6.5,-17.0,-12.8,-17.6
YAR.OL,Yahoo,4.0,10.9,-13.2,-21.0,0.5,-13.3
6723.T,Yahoo,4.0,9.9,-4.2,,16.8,-6.6
8031.T,Yahoo,4.0,9.1,-0.7,-6.9,11.3,
7735.T,Yahoo,4.0,20.5,9.5,18.0,17.5,5.2
HDFCBANK.NS,Yahoo,4.0,,16.9,-19.8,41.0,35.0
0175.HK,Yahoo,4.0,10.0,32.6,48.3,7.1,72.9
K.TO,Yahoo,4.0,12.3,26.8,,13.8,107.8
0101.HK,Yahoo,4.0,2.4,-1.3,-24.2,0.3,57.4
7270.T,Yahoo,4.0,9.7,8.2,-21.7,9.8,-46.0
VGN.AX,Yahoo,3.0,,,98.8,,
BRO,SEC,11.0,,30.7,94.4,10.8,16.7
LEG.DE,Yahoo,4.0,0.3,6.2,126.7,-1.4,12.5
SPK.AX,Yahoo,4.0,20.3,-2.1,-24.2,-5.3,28.0
5201.T,Yahoo,4.0,3.1,0.4,,2.2,
CAP.PA,Yahoo,4.0,11.3,0.7,1.3,6.2,-0.5
TCS.NS,Yahoo,4.0,45.4,5.8,5.7,5.9,7.3
AZN.L,Yahoo,4.0,10.3,9.8,45.8,9.5,6.2
NVR,SEC,11.0,,7.2,29.9,12.0,34.8
HUB.AX,Yahoo,4.0,12.1,21.1,46.9,2.7,38.7
3436.T,Yahoo,4.0,6.3,-2.4,,2.7,
6146.T,Yahoo,4.0,23.8,15.4,17.9,19.1,13.3
EGIE3.SA,Yahoo,4.0,15.3,2.6,-1.0,14.8,-4.1
LYC.AX,Yahoo,4.0,5.3,7.5,-13.4,17.3,
CRM,SEC,11.0,1.6,50.3,,31.0,32.2
GNRC,SEC,11.0,7.7,33.3,34.4,18.9,5.4
BOL.ST,Yahoo,4.0,12.6,2.7,-9.7,9.5,-6.6
NXG.AX,Yahoo,4.0,-4.1,,,63.7,
SUL.AX,Yahoo,4.0,18.5,3.4,-7.7,-1.7,-8.2
TWE.AX,Yahoo,4.0,6.8,5.9,14.4,8.1,-4.8
AUB.AX,Yahoo,4.0,9.0,13.8,6.3,13.7,-16.8
1950.T,Yahoo,4.0,6.9,10.0,38.4,6.8,
LNW.AX,Yahoo,4.0,8.1,9.7,-56.2,-37.2,
FDS,SEC,11.0,11.1,43.3,26.5,15.2,10.0
SJ.TO,Yahoo,4.0,11.7,4.4,15.7,9.4,44.7
HCA,SEC,11.0,,6.5,35.1,,6.3
ROP,SEC,11.0,2.1,28.4,21.4,14.7,14.1
CCO.TO,Yahoo,4.0,4.9,23.1,83.1,5.8,88.3
CAR.AX,Yahoo,4.0,9.5,17.1,8.9,-3.7,27.1
TVK.TO,Yahoo,4.0,13.6,33.5,18.2,57.9,
DVA,SEC,11.0,178.5,25.3,,,-3.0
5713.T,Yahoo,4.0,5.9,7.0,3.6,8.3,
CRH,SEC,3.0,10.0,3.5,12.8,7.3,-4.6
DML.TO,Yahoo,4.0,-5.9,-18.2,,-5.5,
BGL.AX,Yahoo,4.0,-0.9,,,32.8,
NIC.AX,Yahoo,4.0,4.8,10.7,,16.3,41.5
EFN.TO,Yahoo,4.0,3.3,17.1,-0.1,0.1,
8035.T,Yahoo,4.0,24.8,3.4,10.3,9.0,-2.9
B3SA3.SA,Yahoo,4.0,18.4,3.5,5.5,-4.9,-25.1
1952.T,Yahoo,4.0,13.0,11.3,22.3,12.4,-4.0
DOW,SEC,7.0,,-1.4,,2.8,-25.3
AEM.TO,Yahoo,4.0,11.0,27.5,79.6,15.1,96.9
1942.T,Yahoo,4.0,12.0,11.1,27.8,9.4,233.0
NHY.OL,Yahoo,4.0,12.4,0.0,-33.8,-0.9,-16.0
DECK,SEC,11.0,9.5,45.6,,10.0,25.7
9602.T,Yahoo,4.0,10.4,13.9,17.1,8.0,20.5
JIOFIN.NS,Yahoo,4.0,0.9,431.7,268.4,5.5,
RDOR3.SA,Yahoo,4.0,10.2,34.3,59.0,-3.4,
META,SEC,11.0,19.9,20.1,33.7,17.3,22.5
5333.T,Yahoo,4.0,5.8,6.2,5.2,8.3,14.6
1211.HK,Yahoo,4.0,16.0,23.8,23.4,30.4,
4043.T,Yahoo,4.0,5.9,-0.2,-7.4,7.3,
DPZ,SEC,11.0,,22.6,35.4,,17.9
5631.T,Yahoo,4.0,7.6,4.8,17.1,10.1,
BXB.AX,Yahoo,4.0,17.9,8.2,15.7,9.7,
EVN.AX,Yahoo,4.0,7.3,26.5,37.9,12.8,83.7
HLMA.L,Yahoo,4.0,11.8,11.7,16.6,10.7,24.5
PRN.AX,Yahoo,4.0,7.9,5.0,-47.0,7.9,57.9
SAP.DE,Yahoo,4.0,10.3,7.6,46.3,3.5,20.8
WTB.L,Yahoo,4.0,9.3,3.6,-3.8,-8.6,-41.7
IMG.TO,Yahoo,4.0,9.2,43.8,,25.3,
KR,SEC,11.0,5.3,31.9,4.0,0.9,10.7
UBER,SEC,7.0,-7.0,24.2,,11.3,
6753.T,Yahoo,4.0,-2.8,-9.4,,10.5,
0288.HK,Yahoo,4.0,12.9,-0.1,4.5,5.2,32.4
STJ.L,Yahoo,4.0,32.6,,10.2,5.2,
7211.T,Yahoo,4.0,8.9,5.6,-46.8,4.7,
VNA.DE,Yahoo,4.0,-1.3,-0.9,,-4.3,5.5
MULT3.SA,Yahoo,4.0,12.1,15.1,21.0,-1.5,7.5
CMG,SEC,11.0,19.2,38.4,-6.2,2.9,13.4
ENGI11.SA,Yahoo,4.0,11.7,10.2,,20.3,-19.0
AMRZ.SW,Yahoo,4.0,8.1,3.3,2.2,17.3,-1.8
2618.HK,Yahoo,4.0,6.4,16.5,,5.5,10.2
COHR,SEC,11.0,5.1,64.2,31.3,31.1,
MGR.AX,Yahoo,4.0,0.8,13.0,-58.0,-3.9,
EDR.TO,Yahoo,4.0,-0.5,30.5,,22.4,
TXG.TO,Yahoo,4.0,14.9,14.6,27.4,23.4,1.1
NXE.TO,Yahoo,4.0,-4.1,,,63.7,
SN.L,Yahoo,4.0,5.5,5.7,42.0,0.2,97.9
6954.T,Yahoo,4.0,7.4,0.2,-0.0,4.9,63.6
CAE.TO,Yahoo,4.0,3.8,7.0,11.5,5.6,
NDA.DE,Yahoo,4.0,9.6,-0.6,-9.0,5.6,
FNTN.DE,Yahoo,4.0,12.6,-1.5,50.9,1.3,3.0
BZU.MI,Yahoo,4.0,12.1,4.2,27.4,13.0,56.3
NOC,SEC,11.0,6.9,26.4,27.9,11.7,6.9
3092.T,Yahoo,4.0,42.2,7.6,7.2,11.7,18.4
RRL.AX,Yahoo,4.0,9.9,27.5,,12.3,246.6
1945.T,Yahoo,4.0,5.3,1.7,27.7,3.0,-3.0
CCI,SEC,11.0,0.9,-15.6,10.0,19.3,5.5
ERIC-B.ST,Yahoo,4.0,6.6,-4.5,14.8,-6.7,5.8
FMG.AX,Yahoo,4.0,19.4,0.1,-15.8,4.1,-7.8
LRCX,SEC,11.0,25.2,13.4,1.0,7.8,20.9
LUG.TO,Yahoo,4.0,37.5,29.8,119.3,17.0,40.1
ILU.AX,Yahoo,4.0,11.1,-14.3,,3.0,
KKR,SEC,11.0,,4.4,,23.6,8.3
LOW,SEC,11.0,195.7,2.8,15.8,,5.8
PSN.L,Yahoo,4.0,10.3,-0.6,-20.3,1.7,
2318.HK,Yahoo,4.0,5.8,6.7,5.9,4.8,11.6
ADSK,SEC,11.0,11.9,38.5,,6.5,19.3
1980.T,Yahoo,4.0,14.5,11.3,59.0,16.6,59.8
DASH,SEC,6.0,-4.7,36.6,,16.4,71.6
EQTL3.SA,Yahoo,4.0,7.9,23.4,2.6,15.7,
RMD,SEC,11.0,17.5,11.7,15.4,14.5,15.7
CMIG4.SA,Yahoo,4.0,15.9,10.4,23.9,9.5,-21.7
TUI1.DE,Yahoo,4.0,36.1,13.5,,,-5.5
0386.HK,Yahoo,4.0,6.9,-5.7,-21.2,1.7,
9531.T,Yahoo,4.0,7.5,-4.8,0.4,3.3,-19.7
1968.T,Yahoo,4.0,9.5,4.0,0.5,12.7,
MCHP,SEC,11.0,7.1,23.5,-3.4,11.7,9.6
GQG.AX,Yahoo,4.0,,22.6,26.0,12.5,25.1
1876.HK,Yahoo,4.0,8.6,-3.8,-19.0,-1.6,-15.9
3692.HK,Yahoo,4.0,11.7,17.0,28.3,16.0,36.6
MTS.AX,Yahoo,4.0,18.1,3.2,-1.8,16.7,0.9
PSH.L,Yahoo,4.0,,,,15.1,
AXON,SEC,11.0,3.8,57.7,32.6,35.4,6.4
5411.T,Yahoo,4.0,3.6,-4.8,-27.8,7.3,
MRNA,SEC,8.0,-0.9,218.4,,28.1,
2628.HK,Yahoo,4.0,4.5,-9.7,68.5,10.9,9.4
0012.HK,Yahoo,4.0,2.1,0.2,-13.2,-0.6,3.5
9618.HK,Yahoo,4.0,8.9,7.8,26.2,1.8,-48.4
TFPM.TO,Yahoo,4.0,3.8,36.8,49.9,15.8,12.5
SVM.TO,Yahoo,4.0,8.1,28.2,,24.4,80.8
1969.T,Yahoo,4.0,12.9,7.8,41.0,13.8,5.9
AKAM,SEC,11.0,10.2,-3.2,20.1,4.8,8.4
MLM,SEC,11.0,8.1,-13.5,15.9,9.5,14.4
2899.HK,Yahoo,4.0,16.2,8.9,36.0,27.8,125.3
WYNN,SEC,11.0,4.7,25.8,13.8,,
1934.T,Yahoo,4.0,6.9,3.5,17.9,4.9,-12.3
PDI.AX,Yahoo,3.0,-7.1,,,51.5,
MKC,SEC,11.0,6.7,24.2,9.7,8.9,7.6
LHX,SEC,11.0,8.9,21.5,10.6,19.2,14.3
FRA.DE,Yahoo,4.0,14.0,11.5,48.4,9.8,100.3
7203.T,Yahoo,4.0,7.5,10.9,18.1,12.1,
AIF.TO,Yahoo,4.0,1.1,-11.9,,-8.5,13.9
EDV.L,Yahoo,4.0,12.4,27.0,,-6.1,24.2
ASAI3.SA,Yahoo,4.0,15.4,20.8,-21.8,23.9,158.8
LSPD.TO,Yahoo,4.0,-18.5,18.9,,-15.9,
FLEX,SEC,11.0,6.3,23.9,35.7,8.5,5.3
0981.HK,Yahoo,4.0,4.1,8.6,-26.9,3.8,
AZN.ST,Yahoo,4.0,10.3,9.8,45.8,9.5,6.2
7012.T,Yahoo,4.0,11.7,10.2,26.9,15.1,-26.6
CDNS,SEC,11.0,22.3,13.8,17.5,14.8,16.9
ZAL.DE,Yahoo,4.0,7.2,6.1,139.1,8.7,102.8
4061.T,Yahoo,4.0,1.7,-1.9,7.1,1.6,
IMB.L,Yahoo,4.0,20.0,-0.4,14.8,-11.1,-0.1
1961.T,Yahoo,4.0,12.9,10.1,75.1,10.1,
VRT,SEC,8.0,12.1,50.9,73.0,159.3,
JHSF3.SA,Yahoo,4.0,12.0,21.6,42.9,12.4,
6762.T,Yahoo,4.0,8.2,4.7,19.6,14.5,
4507.T,Yahoo,4.0,11.7,5.4,24.1,15.3,9.0
NAS.OL,Yahoo,4.0,20.7,25.9,40.9,22.2,15.5
ARES,SEC,11.0,,56.2,,33.0,
9633.HK,Yahoo,4.0,34.4,16.5,22.9,17.9,23.1
LYB,SEC,11.0,14.2,-3.3,,4.4,-21.6
OBM.AX,Yahoo,4.0,-48.8,73.6,,148.9,
WHC.AX,Yahoo,4.0,20.8,-3.8,-25.7,4.0,-46.8
AOS,SEC,11.0,21.6,29.5,20.6,3.0,8.2
TPR,SEC,11.0,14.8,26.9,59.1,-12.7,17.5
1938.T,Yahoo,4.0,6.1,11.3,26.0,6.8,33.9
BBUC.TO,Yahoo,4.0,,-21.8,,,
BHC.TO,Yahoo,4.0,,8.1,,,
TEL.OL,Yahoo,4.0,8.2,-0.1,-45.7,5.4,-1.1
NDX1.DE,Yahoo,4.0,-3.3,9.9,,13.3,
ONGC.NS,Yahoo,4.0,11.9,-1.3,4.1,9.3,18.7
AAF.L,Yahoo,4.0,23.7,6.9,-29.1,-4.7,34.8
TAH.AX,Yahoo,4.0,-8.5,3.3,-82.6,-22.7,-18.6
EXE,SEC,11.0,-51.8,-0.5,,24.1,4.1
HINDUNILVR.NS,Yahoo,4.0,20.7,2.3,14.1,-1.0,3.1
1605.T,Yahoo,4.0,19.4,-4.7,-0.7,8.1,6.3
OTIS,SEC,6.0,,32.8,43.3,,1.5
1093.HK,Yahoo,4.0,14.9,-5.6,-12.7,3.2,-10.2
RKT.L,Yahoo,4.0,15.9,-0.6,12.9,-6.4,-4.9
PBH.TO,Yahoo,4.0,6.8,7.4,-36.8,-3.0,
0291.HK,Yahoo,4.0,14.6,2.5,-8.1,6.1,0.9
IGTI11.SA,Yahoo,4.0,8.3,13.5,,4.4,19.5
1929.HK,Yahoo,4.0,22.8,-0.1,-39.6,-1.5,-55.3
1299.HK,Yahoo,4.0,8.9,,0.3,-1.1,-10.9
IGO.AX,Yahoo,4.0,-4.2,-15.4,,-15.2,-48.1
BC8.DE,Yahoo,4.0,13.2,2.0,-2.9,10.0,69.0
5019.T,Yahoo,4.0,8.9,-5.0,-6.3,5.9,
9999.HK,Yahoo,4.0,15.7,5.3,19.3,15.2,24.8
9064.T,Yahoo,4.0,5.8,1.2,-30.2,-2.2,-14.0
8804.T,Yahoo,4.0,4.2,10.7,23.5,9.8,
AD.AS,Yahoo,4.0,13.1,2.0,-0.5,-2.7,6.9
GRF.MC,Yahoo,4.0,5.1,7.5,23.9,-2.3,
HEXA-B.ST,Yahoo,4.0,6.9,1.7,-15.1,1.3,3.7
CPFE3.SA,Yahoo,4.0,17.2,4.1,2.4,11.4,-8.9
CVNA,SEC,9.0,,62.5,,51.2,
XYL,SEC,11.0,6.7,10.8,20.1,18.6,10.3
KER.PA,Yahoo,4.0,11.6,-10.3,-72.8,1.7,-10.9
8002.T,Yahoo,4.0,9.8,-3.5,7.3,14.9,-8.7
SPGI,SEC,11.0,58.4,46.7,,51.5,16.7
GGP.AX,Yahoo,4.0,-17.2,,,,
BBDC4.SA,Yahoo,4.0,,2.7,4.4,3.8,
HSY,SEC,11.0,30.5,6.6,,11.2,7.5
7202.T,Yahoo,4.0,11.4,2.9,-0.5,4.2,-48.4
EMR.AX,Yahoo,4.0,20.8,27.7,16.4,38.9,50.8
SDF.DE,Yahoo,4.0,2.2,-13.7,,-10.1,-77.8
BX,SEC,11.0,,32.0,32.6,3.6,15.3
EXO.AS,Yahoo,4.0,14.6,,104.9,17.2,5.0
6690.HK,Yahoo,4.0,14.4,7.5,10.2,8.3,12.5
BRBY.L,Yahoo,4.0,14.4,-7.9,,-15.0,
MBG.DE,Yahoo,4.0,8.2,-4.1,-26.7,3.0,-6.1
0868.HK,Yahoo,4.0,10.1,-2.9,-17.5,8.8,2.7
BRAP4.SA,Yahoo,4.0,,-44.5,-47.3,0.8,-19.0
FVI.TO,Yahoo,4.0,5.2,11.6,,10.4,
BAB.L,Yahoo,4.0,16.3,5.3,14.4,20.2,21.1
VEEV,SEC,11.0,6.1,24.4,50.7,33.3,66.5
ALPA4.SA,Yahoo,4.0,-2.2,3.0,67.2,-16.7,
LUN.TO,Yahoo,4.0,9.5,10.0,38.6,10.8,168.5
MAXHEALTH.NS,Yahoo,4.0,10.7,22.4,20.8,13.2,-46.1
BTRW.L,Yahoo,4.0,6.1,1.9,-35.6,11.8,-71.8
DG,SEC,11.0,18.0,30.4,18.1,4.7,9.2
0016.HK,Yahoo,4.0,3.2,-4.1,-9.0,0.4,32.3
0883.HK,Yahoo,4.0,18.2,-2.7,-5.3,10.4,-4.2
1099.HK,Yahoo,4.0,17.2,1.4,-5.7,7.2,-12.3
RDDT,,0.0,,,,,
6361.T,,0.0,,,,,
TER,SEC,11.0,12.4,20.9,,3.6,5.1
LUV,SEC,11.0,4.2,3.6,-0.4,0.8,-5.5
PYPL,SEC,11.0,10.5,40.2,33.5,3.9,11.8
CCL,SEC,11.0,-1.6,4.2,-1.1,-6.4,1.5
7532.T,,0.0,,,,,
GIL.TO,,0.0,,,,,
FLT.AX,,0.0,,,,,
WAF.DE,,0.0,,,,,
MPWR,SEC,11.0,10.3,51.3,48.9,25.4,31.3
ASM.AS,,0.0,,,,,
HAG.DE,,0.0,,,,,
EFX.TO,,0.0,,,,,
EIX,SEC,11.0,4.6,23.5,,2.6,
ATZ.TO,,0.0,,,,,
CAT,SEC,11.0,,19.9,,,4.4
ANA.MC,,0.0,,,,,
NXT.AX,,0.0,,,,,
ACS.MC,,0.0,,,,,
ARE.TO,,0.0,,,,,
PCG,SEC,11.0,-13.5,3.9,-4.1,7.0,
FDR.MC,,0.0,,,,,
RCL,SEC,11.0,4.4,9.5,32.4,2.2,14.0
7011.T,,0.0,,,,,
PRY.MI,,0.0,,,,,
KOG.OL,,0.0,,,,,
ODFL,SEC,11.0,17.3,,3.1,9.9,9.5
ENR.DE,,0.0,,,,,
FIX,SEC,11.0,21.2,14.4,55.5,21.6,29.6
CHC.AX,,0.0,,,,,
CARR,SEC,6.0,,36.5,11.5,,8.2
IR,SEC,9.0,6.4,16.1,39.7,37.8,61.3
HOT.DE,,0.0,,,,,
LHA.DE,,0.0,,,,,
1044.HK,,0.0,,,,,
CMI,SEC,11.0,23.5,27.6,10.1,5.2,9.0
0688.HK,,0.0,,,,,
4063.T,,0.0,,,,,
CLX,SEC,11.0,,27.8,16.1,10.5,0.2
GEV,,0.0,,,,,
TXN,SEC,11.0,14.2,25.0,21.2,5.0,-11.4
PNI.AX,,0.0,,,,,
RCH.TO,,0.0,,,,,
IP,SEC,11.0,20.4,-17.6,,8.9,-4.1
MU,SEC,11.0,4.9,40.4,33.6,16.0,-3.9
AVGO,SEC,8.0,,49.3,8.8,,18.4
DOW.AX,,0.0,,,,,
AMP.MI,,0.0,,,,,
NOD.OL,,0.0,,,,,
HD,SEC,11.0,162.3,29.8,28.4,7.3,5.7
ORK.OL,,0.0,,,,,
DOO.TO,,0.0,,,,,
ABRA.TO,,0.0,,,,,
ADS.DE,,0.0,,,,,
MFG.AX,,0.0,,,,,
MCD,SEC,11.0,4.5,15.5,24.7,,4.3
JBL,SEC,11.0,16.8,2.8,15.1,-4.2,15.5
DHI,SEC,11.0,,26.9,33.6,15.2,17.7
DDOG,SEC,7.0,-1.2,45.4,,29.7,112.3
1109.HK,,0.0,,,,,
EME,SEC,11.0,20.3,9.7,42.6,9.5,17.2
PWR,SEC,11.0,10.0,37.2,35.7,11.2,17.6
HCLTECH.NS,,0.0,,,,,
LOGN.SW,,0.0,,,,,
IMD.AX,,0.0,,,,,
ALGN,SEC,11.0,17.7,10.8,12.3,16.9,10.3
6594.T,,0.0,,,,,
ATRL.TO,,0.0,,,,,
FTT.TO,,0.0,,,,,
AMD,SEC,11.0,6.4,57.8,,,
6504.T,,0.0,,,,,
MARUTI.NS,,0.0,,,,,
1209.HK,,0.0,,,,,
0027.HK,,0.0,,,,,
TIH.TO,,0.0,,,,,
ADI,SEC,11.0,4.6,40.3,21.7,20.9,19.0
NTPC.NS,,0.0,,,,,
GEHC,SEC,3.0,10.8,2.7,22.5,20.6,
HUBB,SEC,11.0,18.1,3.9,14.7,8.3,16.2
AXIA3.SA,,0.0,,,,,
CLNX.MC,,0.0,,,,,
